Entity,Code,Year,civlib_eiu
Afghanistan,AFG,2006,4.41
Afghanistan,AFG,2008,4.41
Afghanistan,AFG,2010,3.819999999999999
Afghanistan,AFG,2011,3.819999999999999
Afghanistan,AFG,2012,3.819999999999999
Afghanistan,AFG,2013,3.819999999999999
Afghanistan,AFG,2014,3.819999999999999
Afghanistan,AFG,2015,3.819999999999999
Afghanistan,AFG,2016,3.819999999999999
Afghanistan,AFG,2017,3.819999999999999
Afghanistan,AFG,2018,3.819999999999999
Afghanistan,AFG,2019,3.819999999999999
Afghanistan,AFG,2020,3.819999999999999
Afghanistan,AFG,2021,0.29
Afghanistan,AFG,2022,0.29
Albania,ALB,2006,7.06
Albania,ALB,2008,7.06
Albania,ALB,2010,7.35
Albania,ALB,2011,7.35
Albania,ALB,2012,7.35
Albania,ALB,2013,7.35
Albania,ALB,2014,7.35
Albania,ALB,2015,7.65
Albania,ALB,2016,7.65
Albania,ALB,2017,7.65
Albania,ALB,2018,7.65
Albania,ALB,2019,7.65
Albania,ALB,2020,7.35
Albania,ALB,2021,7.06
Albania,ALB,2022,7.35
Algeria,DZA,2006,3.53
Algeria,DZA,2008,4.41
Algeria,DZA,2010,4.41
Algeria,DZA,2011,4.41
Algeria,DZA,2012,4.41
Algeria,DZA,2013,4.41
Algeria,DZA,2014,4.41
Algeria,DZA,2015,4.41
Algeria,DZA,2016,4.12
Algeria,DZA,2017,4.12
Algeria,DZA,2018,3.819999999999999
Algeria,DZA,2019,4.12
Algeria,DZA,2020,3.82
Algeria,DZA,2021,3.82
Algeria,DZA,2022,3.82
Angola,AGO,2006,2.65
Angola,AGO,2008,3.53
Angola,AGO,2010,3.240000000000001
Angola,AGO,2011,3.240000000000001
Angola,AGO,2012,3.240000000000001
Angola,AGO,2013,3.240000000000001
Angola,AGO,2014,3.240000000000001
Angola,AGO,2015,3.240000000000001
Angola,AGO,2016,2.94
Angola,AGO,2017,2.94
Angola,AGO,2018,2.94
Angola,AGO,2019,2.94
Angola,AGO,2020,2.65
Angola,AGO,2021,2.65
Angola,AGO,2022,2.65
Argentina,ARG,2006,8.24
Argentina,ARG,2008,8.24
Argentina,ARG,2010,7.94
Argentina,ARG,2011,7.94
Argentina,ARG,2012,7.94
Argentina,ARG,2013,7.94
Argentina,ARG,2014,7.94
Argentina,ARG,2015,7.94
Argentina,ARG,2016,7.65
Argentina,ARG,2017,7.65
Argentina,ARG,2018,8.24
Argentina,ARG,2019,8.24
Argentina,ARG,2020,7.94
Argentina,ARG,2021,7.65
Argentina,ARG,2022,7.94
Armenia,ARM,2006,6.18
Armenia,ARM,2008,5.88
Armenia,ARM,2010,5.88
Armenia,ARM,2011,5.88
Armenia,ARM,2012,5.88
Armenia,ARM,2013,5.88
Armenia,ARM,2014,5.88
Armenia,ARM,2015,5.88
Armenia,ARM,2016,5.88
Armenia,ARM,2017,5.59
Armenia,ARM,2018,5.59
Armenia,ARM,2019,5.59
Armenia,ARM,2020,5
Armenia,ARM,2021,5
Armenia,ARM,2022,5.29
Australia,AUS,2006,10
Australia,AUS,2008,10
Australia,AUS,2010,10
Australia,AUS,2011,10
Australia,AUS,2012,10
Australia,AUS,2013,10
Australia,AUS,2014,10
Australia,AUS,2015,10
Australia,AUS,2016,10
Australia,AUS,2017,10
Australia,AUS,2018,10
Australia,AUS,2019,10
Australia,AUS,2020,9.71
Australia,AUS,2021,9.41
Australia,AUS,2022,9.71
Austria,AUT,2006,9.12
Austria,AUT,2008,9.12
Austria,AUT,2010,9.12
Austria,AUT,2011,9.12
Austria,AUT,2012,9.41
Austria,AUT,2013,9.41
Austria,AUT,2014,9.41
Austria,AUT,2015,9.41
Austria,AUT,2016,9.41
Austria,AUT,2017,9.12
Austria,AUT,2018,8.82
Austria,AUT,2019,8.82
Austria,AUT,2020,8.53
Austria,AUT,2021,8.24
Austria,AUT,2022,8.53
Azerbaijan,AZE,2006,5.59
Azerbaijan,AZE,2008,5
Azerbaijan,AZE,2010,4.71
Azerbaijan,AZE,2011,4.71
Azerbaijan,AZE,2012,4.71
Azerbaijan,AZE,2013,4.71
Azerbaijan,AZE,2014,4.41
Azerbaijan,AZE,2015,3.819999999999999
Azerbaijan,AZE,2016,3.53
Azerbaijan,AZE,2017,3.53
Azerbaijan,AZE,2018,3.53
Azerbaijan,AZE,2019,3.53
Azerbaijan,AZE,2020,2.94
Azerbaijan,AZE,2021,2.65
Azerbaijan,AZE,2022,2.65
Bahrain,BHR,2006,3.819999999999999
Bahrain,BHR,2008,3.53
Bahrain,BHR,2010,3.53
Bahrain,BHR,2011,2.65
Bahrain,BHR,2012,1.76
Bahrain,BHR,2013,2.35
Bahrain,BHR,2014,2.35
Bahrain,BHR,2015,2.35
Bahrain,BHR,2016,2.35
Bahrain,BHR,2017,2.35
Bahrain,BHR,2018,2.35
Bahrain,BHR,2019,2.06
Bahrain,BHR,2020,1.76
Bahrain,BHR,2021,1.76
Bahrain,BHR,2022,1.76
Bangladesh,BGD,2006,7.35
Bangladesh,BGD,2008,7.35
Bangladesh,BGD,2010,7.06
Bangladesh,BGD,2011,7.06
Bangladesh,BGD,2012,7.06
Bangladesh,BGD,2013,7.06
Bangladesh,BGD,2014,7.06
Bangladesh,BGD,2015,6.76
Bangladesh,BGD,2016,6.76
Bangladesh,BGD,2017,5.29
Bangladesh,BGD,2018,5
Bangladesh,BGD,2019,5
Bangladesh,BGD,2020,4.71
Bangladesh,BGD,2021,5.29
Bangladesh,BGD,2022,5.29
Belarus,BLR,2006,3.53
Belarus,BLR,2008,3.53
Belarus,BLR,2010,3.53
Belarus,BLR,2011,2.94
Belarus,BLR,2012,2.35
Belarus,BLR,2013,2.35
Belarus,BLR,2014,2.65
Belarus,BLR,2015,2.65
Belarus,BLR,2016,2.65
Belarus,BLR,2017,2.35
Belarus,BLR,2018,2.35
Belarus,BLR,2019,2.35
Belarus,BLR,2020,2.06
Belarus,BLR,2021,1.76
Belarus,BLR,2022,1.47
Belgium,BEL,2006,9.41
Belgium,BEL,2008,9.41
Belgium,BEL,2010,9.41
Belgium,BEL,2011,9.41
Belgium,BEL,2012,9.41
Belgium,BEL,2013,9.41
Belgium,BEL,2014,9.41
Belgium,BEL,2015,9.41
Belgium,BEL,2016,8.82
Belgium,BEL,2017,8.53
Belgium,BEL,2018,8.53
Belgium,BEL,2019,8.53
Belgium,BEL,2020,8.24
Belgium,BEL,2021,8.24
Belgium,BEL,2022,8.53
Benin,BEN,2006,6.76
Benin,BEN,2008,6.470000000000001
Benin,BEN,2010,6.470000000000001
Benin,BEN,2011,6.470000000000001
Benin,BEN,2012,6.18
Benin,BEN,2013,5.88
Benin,BEN,2014,5.88
Benin,BEN,2015,5.88
Benin,BEN,2016,5.88
Benin,BEN,2017,5.59
Benin,BEN,2018,5.88
Benin,BEN,2019,5
Benin,BEN,2020,4.71
Benin,BEN,2021,4.41
Benin,BEN,2022,4.41
Bhutan,BTN,2006,3.53
Bhutan,BTN,2008,3.53
Bhutan,BTN,2010,3.53
Bhutan,BTN,2011,3.53
Bhutan,BTN,2012,3.53
Bhutan,BTN,2013,3.53
Bhutan,BTN,2014,3.53
Bhutan,BTN,2015,3.819999999999999
Bhutan,BTN,2016,3.819999999999999
Bhutan,BTN,2017,3.819999999999999
Bhutan,BTN,2018,3.819999999999999
Bhutan,BTN,2019,3.819999999999999
Bhutan,BTN,2020,4.71
Bhutan,BTN,2021,4.71
Bhutan,BTN,2022,4.71
Bolivia,BOL,2006,7.65
Bolivia,BOL,2008,7.94
Bolivia,BOL,2010,7.35
Bolivia,BOL,2011,7.35
Bolivia,BOL,2012,7.35
Bolivia,BOL,2013,7.65
Bolivia,BOL,2014,7.65
Bolivia,BOL,2015,7.65
Bolivia,BOL,2016,7.06
Bolivia,BOL,2017,7.06
Bolivia,BOL,2018,7.06
Bolivia,BOL,2019,6.76
Bolivia,BOL,2020,5.88
Bolivia,BOL,2021,5.59
Bolivia,BOL,2022,5.59
Bosnia and Herzegovina,BIH,2006,7.94
Bosnia and Herzegovina,BIH,2008,7.94
Bosnia and Herzegovina,BIH,2010,7.65
Bosnia and Herzegovina,BIH,2011,7.65
Bosnia and Herzegovina,BIH,2012,7.35
Bosnia and Herzegovina,BIH,2013,7.35
Bosnia and Herzegovina,BIH,2014,6.76
Bosnia and Herzegovina,BIH,2015,6.470000000000001
Bosnia and Herzegovina,BIH,2016,6.18
Bosnia and Herzegovina,BIH,2017,6.18
Bosnia and Herzegovina,BIH,2018,6.18
Bosnia and Herzegovina,BIH,2019,5.88
Bosnia and Herzegovina,BIH,2020,5.59
Bosnia and Herzegovina,BIH,2021,5.59
Bosnia and Herzegovina,BIH,2022,5.88
Botswana,BWA,2006,9.12
Botswana,BWA,2008,9.41
Botswana,BWA,2010,9.41
Botswana,BWA,2011,9.41
Botswana,BWA,2012,9.41
Botswana,BWA,2013,9.41
Botswana,BWA,2014,9.41
Botswana,BWA,2015,9.41
Botswana,BWA,2016,9.41
Botswana,BWA,2017,9.12
Botswana,BWA,2018,9.12
Botswana,BWA,2019,9.12
Botswana,BWA,2020,8.53
Botswana,BWA,2021,8.53
Botswana,BWA,2022,8.53
Brazil,BRA,2006,9.41
Brazil,BRA,2008,9.41
Brazil,BRA,2010,9.12
Brazil,BRA,2011,9.12
Brazil,BRA,2012,9.12
Brazil,BRA,2013,9.12
Brazil,BRA,2014,9.12
Brazil,BRA,2015,9.12
Brazil,BRA,2016,8.82
Brazil,BRA,2017,8.24
Brazil,BRA,2018,8.24
Brazil,BRA,2019,8.24
Brazil,BRA,2020,7.94
Brazil,BRA,2021,7.65
Brazil,BRA,2022,7.65
Bulgaria,BGR,2006,8.53
Bulgaria,BGR,2008,8.82
Bulgaria,BGR,2010,8.82
Bulgaria,BGR,2011,8.53
Bulgaria,BGR,2012,8.24
Bulgaria,BGR,2013,8.24
Bulgaria,BGR,2014,8.24
Bulgaria,BGR,2015,8.24
Bulgaria,BGR,2016,8.24
Bulgaria,BGR,2017,7.94
Bulgaria,BGR,2018,7.94
Bulgaria,BGR,2019,7.94
Bulgaria,BGR,2020,7.06
Bulgaria,BGR,2021,7.06
Bulgaria,BGR,2022,7.65
Burkina Faso,BFA,2006,4.41
Burkina Faso,BFA,2008,4.41
Burkina Faso,BFA,2010,4.41
Burkina Faso,BFA,2011,4.41
Burkina Faso,BFA,2012,4.41
Burkina Faso,BFA,2013,4.41
Burkina Faso,BFA,2014,4.41
Burkina Faso,BFA,2015,4.71
Burkina Faso,BFA,2016,4.71
Burkina Faso,BFA,2017,5
Burkina Faso,BFA,2018,5
Burkina Faso,BFA,2019,4.12
Burkina Faso,BFA,2020,3.819999999999999
Burkina Faso,BFA,2021,3.82
Burkina Faso,BFA,2022,3.53
Burundi,BDI,2006,4.71
Burundi,BDI,2008,4.71
Burundi,BDI,2010,3.819999999999999
Burundi,BDI,2011,3.819999999999999
Burundi,BDI,2012,3.53
Burundi,BDI,2013,2.94
Burundi,BDI,2014,2.94
Burundi,BDI,2015,2.65
Burundi,BDI,2016,2.65
Burundi,BDI,2017,2.35
Burundi,BDI,2018,2.35
Burundi,BDI,2019,2.35
Burundi,BDI,2020,2.35
Burundi,BDI,2021,1.76
Burundi,BDI,2022,1.76
Cambodia,KHM,2006,4.41
Cambodia,KHM,2008,4.41
Cambodia,KHM,2010,4.41
Cambodia,KHM,2011,4.41
Cambodia,KHM,2012,4.12
Cambodia,KHM,2013,4.12
Cambodia,KHM,2014,4.12
Cambodia,KHM,2015,4.12
Cambodia,KHM,2016,4.12
Cambodia,KHM,2017,3.240000000000001
Cambodia,KHM,2018,3.240000000000001
Cambodia,KHM,2019,3.240000000000001
Cambodia,KHM,2020,2.06
Cambodia,KHM,2021,1.76
Cambodia,KHM,2022,2.06
Cameroon,CMR,2006,3.819999999999999
Cameroon,CMR,2008,4.12
Cameroon,CMR,2010,3.819999999999999
Cameroon,CMR,2011,3.819999999999999
Cameroon,CMR,2012,3.819999999999999
Cameroon,CMR,2013,3.819999999999999
Cameroon,CMR,2014,3.819999999999999
Cameroon,CMR,2015,3.819999999999999
Cameroon,CMR,2016,3.819999999999999
Cameroon,CMR,2017,2.94
Cameroon,CMR,2018,2.65
Cameroon,CMR,2019,2.35
Cameroon,CMR,2020,2.35
Cameroon,CMR,2021,2.06
Cameroon,CMR,2022,2.06
Canada,CAN,2006,10
Canada,CAN,2008,10
Canada,CAN,2010,10
Canada,CAN,2011,10
Canada,CAN,2012,10
Canada,CAN,2013,10
Canada,CAN,2014,10
Canada,CAN,2015,10
Canada,CAN,2016,10
Canada,CAN,2017,10
Canada,CAN,2018,10
Canada,CAN,2019,9.71
Canada,CAN,2020,9.41
Canada,CAN,2021,9.12
Canada,CAN,2022,8.82
Cape Verde,CPV,2006,8.24
Cape Verde,CPV,2008,9.12
Cape Verde,CPV,2010,9.12
Cape Verde,CPV,2011,9.12
Cape Verde,CPV,2012,9.12
Cape Verde,CPV,2013,9.12
Cape Verde,CPV,2014,9.12
Cape Verde,CPV,2015,9.12
Cape Verde,CPV,2016,9.12
Cape Verde,CPV,2017,8.82
Cape Verde,CPV,2018,8.82
Cape Verde,CPV,2019,8.82
Cape Verde,CPV,2020,8.53
Cape Verde,CPV,2021,8.53
Cape Verde,CPV,2022,8.53
Central African Republic,CAF,2006,2.65
Central African Republic,CAF,2008,2.94
Central African Republic,CAF,2010,2.65
Central African Republic,CAF,2011,2.65
Central African Republic,CAF,2012,2.94
Central African Republic,CAF,2013,2.35
Central African Republic,CAF,2014,2.35
Central African Republic,CAF,2015,2.35
Central African Republic,CAF,2016,2.35
Central African Republic,CAF,2017,2.35
Central African Republic,CAF,2018,2.35
Central African Republic,CAF,2019,2.35
Central African Republic,CAF,2020,2.35
Central African Republic,CAF,2021,2.35
Central African Republic,CAF,2022,2.35
Chad,TCD,2006,3.240000000000001
Chad,TCD,2008,3.240000000000001
Chad,TCD,2010,3.240000000000001
Chad,TCD,2011,3.240000000000001
Chad,TCD,2012,3.240000000000001
Chad,TCD,2013,2.65
Chad,TCD,2014,2.65
Chad,TCD,2015,2.65
Chad,TCD,2016,2.65
Chad,TCD,2017,2.65
Chad,TCD,2018,2.65
Chad,TCD,2019,2.65
Chad,TCD,2020,2.35
Chad,TCD,2021,2.35
Chad,TCD,2022,2.35
Chile,CHL,2006,9.71
Chile,CHL,2008,9.71
Chile,CHL,2010,9.41
Chile,CHL,2011,9.41
Chile,CHL,2012,9.41
Chile,CHL,2013,9.71
Chile,CHL,2014,9.71
Chile,CHL,2015,9.71
Chile,CHL,2016,9.41
Chile,CHL,2017,9.12
Chile,CHL,2018,9.12
Chile,CHL,2019,9.12
Chile,CHL,2020,8.82
Chile,CHL,2021,9.12
Chile,CHL,2022,9.12
China,CHN,2006,1.18
China,CHN,2008,1.18
China,CHN,2010,1.18
China,CHN,2011,1.18
China,CHN,2012,1.47
China,CHN,2013,1.47
China,CHN,2014,1.47
China,CHN,2015,1.47
China,CHN,2016,1.47
China,CHN,2017,1.47
China,CHN,2018,1.47
China,CHN,2019,1.18
China,CHN,2020,1.18
China,CHN,2021,0.88
China,CHN,2022,0.59
Colombia,COL,2006,9.12
Colombia,COL,2008,8.82
Colombia,COL,2010,8.82
Colombia,COL,2011,8.82
Colombia,COL,2012,8.82
Colombia,COL,2013,8.82
Colombia,COL,2014,8.82
Colombia,COL,2015,8.53
Colombia,COL,2016,8.24
Colombia,COL,2017,7.94
Colombia,COL,2018,8.24
Colombia,COL,2019,8.53
Colombia,COL,2020,7.94
Colombia,COL,2021,7.65
Colombia,COL,2022,7.94
Comoros,COM,2006,3.240000000000001
Comoros,COM,2008,3.240000000000001
Comoros,COM,2010,3.819999999999999
Comoros,COM,2011,3.819999999999999
Comoros,COM,2012,3.819999999999999
Comoros,COM,2013,3.819999999999999
Comoros,COM,2014,3.819999999999999
Comoros,COM,2015,3.819999999999999
Comoros,COM,2016,3.819999999999999
Comoros,COM,2017,3.819999999999999
Comoros,COM,2018,3.819999999999999
Comoros,COM,2019,3.819999999999999
Comoros,COM,2020,3.53
Comoros,COM,2021,3.53
Comoros,COM,2022,3.53
Congo,COG,2006,3.819999999999999
Congo,COG,2008,3.53
Congo,COG,2010,3.240000000000001
Congo,COG,2011,3.240000000000001
Congo,COG,2012,3.240000000000001
Congo,COG,2013,3.240000000000001
Congo,COG,2014,3.240000000000001
Congo,COG,2015,2.94
Congo,COG,2016,2.94
Congo,COG,2017,2.94
Congo,COG,2018,3.240000000000001
Congo,COG,2019,3.240000000000001
Congo,COG,2020,3.240000000000001
Congo,COG,2021,3.24
Congo,COG,2022,3.24
Costa Rica,CRI,2006,9.41
Costa Rica,CRI,2008,9.41
Costa Rica,CRI,2010,9.41
Costa Rica,CRI,2011,9.71
Costa Rica,CRI,2012,9.71
Costa Rica,CRI,2013,9.71
Costa Rica,CRI,2014,9.71
Costa Rica,CRI,2015,9.71
Costa Rica,CRI,2016,9.71
Costa Rica,CRI,2017,9.12
Costa Rica,CRI,2018,9.12
Costa Rica,CRI,2019,9.41
Costa Rica,CRI,2020,9.71
Costa Rica,CRI,2021,9.71
Costa Rica,CRI,2022,9.71
Cote d'Ivoire,CIV,2006,3.819999999999999
Cote d'Ivoire,CIV,2008,3.819999999999999
Cote d'Ivoire,CIV,2010,3.53
Cote d'Ivoire,CIV,2011,3.53
Cote d'Ivoire,CIV,2012,3.819999999999999
Cote d'Ivoire,CIV,2013,3.819999999999999
Cote d'Ivoire,CIV,2014,3.819999999999999
Cote d'Ivoire,CIV,2015,3.819999999999999
Cote d'Ivoire,CIV,2016,3.819999999999999
Cote d'Ivoire,CIV,2017,4.12
Cote d'Ivoire,CIV,2018,4.12
Cote d'Ivoire,CIV,2019,4.12
Cote d'Ivoire,CIV,2020,3.819999999999999
Cote d'Ivoire,CIV,2021,3.82
Cote d'Ivoire,CIV,2022,3.82
Croatia,HRV,2006,8.24
Croatia,HRV,2008,8.24
Croatia,HRV,2010,8.24
Croatia,HRV,2011,8.24
Croatia,HRV,2012,8.24
Croatia,HRV,2013,8.24
Croatia,HRV,2014,8.24
Croatia,HRV,2015,8.24
Croatia,HRV,2016,7.94
Croatia,HRV,2017,7.35
Croatia,HRV,2018,7.06
Croatia,HRV,2019,7.06
Croatia,HRV,2020,6.76
Croatia,HRV,2021,6.76
Croatia,HRV,2022,6.76
Cuba,CUB,2006,2.94
Cuba,CUB,2008,2.94
Cuba,CUB,2010,2.94
Cuba,CUB,2011,2.94
Cuba,CUB,2012,2.94
Cuba,CUB,2013,2.94
Cuba,CUB,2014,2.94
Cuba,CUB,2015,2.94
Cuba,CUB,2016,2.65
Cuba,CUB,2017,2.65
Cuba,CUB,2018,2.65
Cuba,CUB,2019,2.94
Cuba,CUB,2020,2.94
Cuba,CUB,2021,2.65
Cuba,CUB,2022,2.94
Cyprus,CYP,2006,9.12
Cyprus,CYP,2008,9.12
Cyprus,CYP,2010,9.12
Cyprus,CYP,2011,9.12
Cyprus,CYP,2012,9.12
Cyprus,CYP,2013,9.12
Cyprus,CYP,2014,9.12
Cyprus,CYP,2015,9.12
Cyprus,CYP,2016,9.12
Cyprus,CYP,2017,8.82
Cyprus,CYP,2018,8.82
Cyprus,CYP,2019,8.82
Cyprus,CYP,2020,8.53
Cyprus,CYP,2021,8.53
Cyprus,CYP,2022,8.82
Czechia,CZE,2006,9.12
Czechia,CZE,2008,9.41
Czechia,CZE,2010,9.41
Czechia,CZE,2011,9.41
Czechia,CZE,2012,9.41
Czechia,CZE,2013,9.41
Czechia,CZE,2014,9.41
Czechia,CZE,2015,9.41
Czechia,CZE,2016,8.82
Czechia,CZE,2017,8.53
Czechia,CZE,2018,8.53
Czechia,CZE,2019,8.53
Czechia,CZE,2020,8.53
Czechia,CZE,2021,8.53
Czechia,CZE,2022,9.12
Democratic Republic of Congo,COD,2006,2.35
Democratic Republic of Congo,COD,2008,2.35
Democratic Republic of Congo,COD,2010,1.76
Democratic Republic of Congo,COD,2011,1.76
Democratic Republic of Congo,COD,2012,1.76
Democratic Republic of Congo,COD,2013,1.76
Democratic Republic of Congo,COD,2014,1.76
Democratic Republic of Congo,COD,2015,1.76
Democratic Republic of Congo,COD,2016,0.8800000000000001
Democratic Republic of Congo,COD,2017,0.8800000000000001
Democratic Republic of Congo,COD,2018,0.8800000000000001
Democratic Republic of Congo,COD,2019,0.8800000000000001
Democratic Republic of Congo,COD,2020,0.8800000000000001
Democratic Republic of Congo,COD,2021,0.88
Democratic Republic of Congo,COD,2022,0.88
Denmark,DNK,2006,9.71
Denmark,DNK,2008,9.71
Denmark,DNK,2010,9.71
Denmark,DNK,2011,9.71
Denmark,DNK,2012,9.71
Denmark,DNK,2013,9.41
Denmark,DNK,2014,9.41
Denmark,DNK,2015,9.41
Denmark,DNK,2016,9.41
Denmark,DNK,2017,9.12
Denmark,DNK,2018,9.12
Denmark,DNK,2019,9.12
Denmark,DNK,2020,9.12
Denmark,DNK,2021,8.82
Denmark,DNK,2022,9.41
Djibouti,DJI,2006,2.35
Djibouti,DJI,2008,2.35
Djibouti,DJI,2010,2.65
Djibouti,DJI,2011,2.94
Djibouti,DJI,2012,3.240000000000001
Djibouti,DJI,2013,3.240000000000001
Djibouti,DJI,2014,2.65
Djibouti,DJI,2015,2.65
Djibouti,DJI,2016,2.65
Djibouti,DJI,2017,2.65
Djibouti,DJI,2018,2.65
Djibouti,DJI,2019,2.65
Djibouti,DJI,2020,2.35
Djibouti,DJI,2021,2.35
Djibouti,DJI,2022,2.35
Dominican Republic,DOM,2006,8.24
Dominican Republic,DOM,2008,8.24
Dominican Republic,DOM,2010,8.24
Dominican Republic,DOM,2011,8.24
Dominican Republic,DOM,2012,7.65
Dominican Republic,DOM,2013,7.65
Dominican Republic,DOM,2014,7.65
Dominican Republic,DOM,2015,7.65
Dominican Republic,DOM,2016,7.65
Dominican Republic,DOM,2017,7.06
Dominican Republic,DOM,2018,7.06
Dominican Republic,DOM,2019,7.06
Dominican Republic,DOM,2020,7.06
Dominican Republic,DOM,2021,7.06
Dominican Republic,DOM,2022,7.06
East Timor,TLS,2006,8.24
East Timor,TLS,2008,8.24
East Timor,TLS,2010,8.24
East Timor,TLS,2011,8.24
East Timor,TLS,2012,7.94
East Timor,TLS,2013,7.94
East Timor,TLS,2014,7.94
East Timor,TLS,2015,7.94
East Timor,TLS,2016,7.94
East Timor,TLS,2017,7.65
East Timor,TLS,2018,7.65
East Timor,TLS,2019,7.65
East Timor,TLS,2020,7.35
East Timor,TLS,2021,7.35
East Timor,TLS,2022,7.35
Ecuador,ECU,2006,7.94
Ecuador,ECU,2008,7.94
Ecuador,ECU,2010,7.65
Ecuador,ECU,2011,7.35
Ecuador,ECU,2012,7.06
Ecuador,ECU,2013,7.06
Ecuador,ECU,2014,7.06
Ecuador,ECU,2015,7.06
Ecuador,ECU,2016,6.76
Ecuador,ECU,2017,6.76
Ecuador,ECU,2018,6.76
Ecuador,ECU,2019,7.06
Ecuador,ECU,2020,6.470000000000001
Ecuador,ECU,2021,6.18
Ecuador,ECU,2022,6.18
Egypt,EGY,2006,3.53
Egypt,EGY,2008,4.12
Egypt,EGY,2010,3.53
Egypt,EGY,2011,3.819999999999999
Egypt,EGY,2012,4.12
Egypt,EGY,2013,2.94
Egypt,EGY,2014,2.65
Egypt,EGY,2015,2.94
Egypt,EGY,2016,2.94
Egypt,EGY,2017,2.94
Egypt,EGY,2018,2.94
Egypt,EGY,2019,2.35
Egypt,EGY,2020,1.76
Egypt,EGY,2021,1.76
Egypt,EGY,2022,1.76
El Salvador,SLV,2006,8.24
El Salvador,SLV,2008,8.24
El Salvador,SLV,2010,8.24
El Salvador,SLV,2011,8.24
El Salvador,SLV,2012,8.24
El Salvador,SLV,2013,8.53
El Salvador,SLV,2014,8.53
El Salvador,SLV,2015,8.53
El Salvador,SLV,2016,8.53
El Salvador,SLV,2017,7.06
El Salvador,SLV,2018,7.06
El Salvador,SLV,2019,7.06
El Salvador,SLV,2020,6.18
El Salvador,SLV,2021,6.18
El Salvador,SLV,2022,4.71
Equatorial Guinea,GNQ,2006,1.47
Equatorial Guinea,GNQ,2008,2.06
Equatorial Guinea,GNQ,2010,1.76
Equatorial Guinea,GNQ,2011,1.47
Equatorial Guinea,GNQ,2012,1.76
Equatorial Guinea,GNQ,2013,1.47
Equatorial Guinea,GNQ,2014,1.47
Equatorial Guinea,GNQ,2015,1.47
Equatorial Guinea,GNQ,2016,1.47
Equatorial Guinea,GNQ,2017,1.47
Equatorial Guinea,GNQ,2018,1.47
Equatorial Guinea,GNQ,2019,1.47
Equatorial Guinea,GNQ,2020,1.47
Equatorial Guinea,GNQ,2021,1.47
Equatorial Guinea,GNQ,2022,1.47
Eritrea,ERI,2006,2.06
Eritrea,ERI,2008,2.06
Eritrea,ERI,2010,2.06
Eritrea,ERI,2011,1.47
Eritrea,ERI,2012,1.18
Eritrea,ERI,2013,1.18
Eritrea,ERI,2014,1.18
Eritrea,ERI,2015,1.18
Eritrea,ERI,2016,1.18
Eritrea,ERI,2017,1.18
Eritrea,ERI,2018,1.18
Eritrea,ERI,2019,1.18
Eritrea,ERI,2020,1.18
Eritrea,ERI,2021,0.59
Eritrea,ERI,2022,0.59
Estonia,EST,2006,9.12
Estonia,EST,2008,8.82
Estonia,EST,2010,8.82
Estonia,EST,2011,8.82
Estonia,EST,2012,8.82
Estonia,EST,2013,8.82
Estonia,EST,2014,8.82
Estonia,EST,2015,8.82
Estonia,EST,2016,8.82
Estonia,EST,2017,8.53
Estonia,EST,2018,8.53
Estonia,EST,2019,8.53
Estonia,EST,2020,8.24
Estonia,EST,2021,8.24
Estonia,EST,2022,8.82
Eswatini,SWZ,2006,4.71
Eswatini,SWZ,2008,4.41
Eswatini,SWZ,2010,4.12
Eswatini,SWZ,2011,4.12
Eswatini,SWZ,2012,3.819999999999999
Eswatini,SWZ,2013,3.819999999999999
Eswatini,SWZ,2014,3.819999999999999
Eswatini,SWZ,2015,3.819999999999999
Eswatini,SWZ,2016,3.53
Eswatini,SWZ,2017,3.53
Eswatini,SWZ,2018,3.53
Eswatini,SWZ,2019,3.53
Eswatini,SWZ,2020,3.240000000000001
Eswatini,SWZ,2021,3.24
Eswatini,SWZ,2022,3.24
Ethiopia,ETH,2006,4.41
Ethiopia,ETH,2008,4.41
Ethiopia,ETH,2010,4.41
Ethiopia,ETH,2011,4.41
Ethiopia,ETH,2012,4.41
Ethiopia,ETH,2013,4.41
Ethiopia,ETH,2014,3.819999999999999
Ethiopia,ETH,2015,3.819999999999999
Ethiopia,ETH,2016,3.240000000000001
Ethiopia,ETH,2017,2.35
Ethiopia,ETH,2018,2.65
Ethiopia,ETH,2019,2.65
Ethiopia,ETH,2020,2.35
Ethiopia,ETH,2021,1.76
Ethiopia,ETH,2022,1.47
Fiji,FJI,2006,8.24
Fiji,FJI,2008,7.94
Fiji,FJI,2010,6.470000000000001
Fiji,FJI,2011,6.18
Fiji,FJI,2012,6.18
Fiji,FJI,2013,5.88
Fiji,FJI,2014,5.88
Fiji,FJI,2015,5.88
Fiji,FJI,2016,5.59
Fiji,FJI,2017,5.59
Fiji,FJI,2018,5.59
Fiji,FJI,2019,5.59
Fiji,FJI,2020,5.29
Fiji,FJI,2021,5.29
Fiji,FJI,2022,5
Finland,FIN,2006,9.71
Finland,FIN,2008,9.71
Finland,FIN,2010,9.71
Finland,FIN,2011,9.71
Finland,FIN,2012,9.71
Finland,FIN,2013,9.71
Finland,FIN,2014,9.71
Finland,FIN,2015,9.71
Finland,FIN,2016,9.71
Finland,FIN,2017,9.71
Finland,FIN,2018,9.71
Finland,FIN,2019,9.71
Finland,FIN,2020,9.41
Finland,FIN,2021,9.41
Finland,FIN,2022,9.71
France,FRA,2006,9.12
France,FRA,2008,9.12
France,FRA,2010,8.53
France,FRA,2011,8.53
France,FRA,2012,8.53
France,FRA,2013,8.53
France,FRA,2014,8.82
France,FRA,2015,8.82
France,FRA,2016,8.82
France,FRA,2017,8.53
France,FRA,2018,8.53
France,FRA,2019,8.53
France,FRA,2020,8.24
France,FRA,2021,8.24
France,FRA,2022,8.24
Gabon,GAB,2006,2.06
Gabon,GAB,2008,3.819999999999999
Gabon,GAB,2010,3.819999999999999
Gabon,GAB,2011,4.12
Gabon,GAB,2012,4.12
Gabon,GAB,2013,4.12
Gabon,GAB,2014,4.12
Gabon,GAB,2015,4.12
Gabon,GAB,2016,3.819999999999999
Gabon,GAB,2017,3.819999999999999
Gabon,GAB,2018,3.819999999999999
Gabon,GAB,2019,3.819999999999999
Gabon,GAB,2020,3.819999999999999
Gabon,GAB,2021,3.53
Gabon,GAB,2022,3.53
Gambia,GMB,2006,3.240000000000001
Gambia,GMB,2008,3.240000000000001
Gambia,GMB,2010,3.240000000000001
Gambia,GMB,2011,3.240000000000001
Gambia,GMB,2012,3.240000000000001
Gambia,GMB,2013,3.240000000000001
Gambia,GMB,2014,2.35
Gambia,GMB,2015,2.35
Gambia,GMB,2016,2.35
Gambia,GMB,2017,2.94
Gambia,GMB,2018,3.819999999999999
Gambia,GMB,2019,4.41
Gambia,GMB,2020,4.12
Gambia,GMB,2021,4.12
Gambia,GMB,2022,4.12
Georgia,GEO,2006,6.470000000000001
Georgia,GEO,2008,6.470000000000001
Georgia,GEO,2010,6.18
Georgia,GEO,2011,6.18
Georgia,GEO,2012,6.18
Georgia,GEO,2013,5.88
Georgia,GEO,2014,5.88
Georgia,GEO,2015,5.88
Georgia,GEO,2016,5.59
Georgia,GEO,2017,5.59
Georgia,GEO,2018,5.59
Georgia,GEO,2019,5.59
Georgia,GEO,2020,5.29
Georgia,GEO,2021,5.29
Georgia,GEO,2022,5.59
Germany,DEU,2006,9.41
Germany,DEU,2008,9.41
Germany,DEU,2010,9.12
Germany,DEU,2011,9.12
Germany,DEU,2012,9.12
Germany,DEU,2013,9.12
Germany,DEU,2014,9.12
Germany,DEU,2015,9.12
Germany,DEU,2016,9.71
Germany,DEU,2017,9.41
Germany,DEU,2018,9.41
Germany,DEU,2019,9.41
Germany,DEU,2020,9.12
Germany,DEU,2021,9.12
Germany,DEU,2022,9.41
Ghana,GHA,2006,5.88
Ghana,GHA,2008,5.88
Ghana,GHA,2010,6.76
Ghana,GHA,2011,6.76
Ghana,GHA,2012,6.76
Ghana,GHA,2013,6.76
Ghana,GHA,2014,6.76
Ghana,GHA,2015,7.35
Ghana,GHA,2016,7.35
Ghana,GHA,2017,6.470000000000001
Ghana,GHA,2018,6.18
Ghana,GHA,2019,6.18
Ghana,GHA,2020,5.88
Ghana,GHA,2021,5.88
Ghana,GHA,2022,5.88
Greece,GRC,2006,9.41
Greece,GRC,2008,9.41
Greece,GRC,2010,9.41
Greece,GRC,2011,9.41
Greece,GRC,2012,9.41
Greece,GRC,2013,9.41
Greece,GRC,2014,9.41
Greece,GRC,2015,9.41
Greece,GRC,2016,8.82
Greece,GRC,2017,8.53
Greece,GRC,2018,8.53
Greece,GRC,2019,8.53
Greece,GRC,2020,8.53
Greece,GRC,2021,8.53
Greece,GRC,2022,8.53
Guatemala,GTM,2006,7.65
Guatemala,GTM,2008,7.65
Guatemala,GTM,2010,7.35
Guatemala,GTM,2011,7.35
Guatemala,GTM,2012,7.35
Guatemala,GTM,2013,7.35
Guatemala,GTM,2014,7.35
Guatemala,GTM,2015,7.35
Guatemala,GTM,2016,7.35
Guatemala,GTM,2017,6.76
Guatemala,GTM,2018,6.470000000000001
Guatemala,GTM,2019,6.470000000000001
Guatemala,GTM,2020,5.88
Guatemala,GTM,2021,5.88
Guatemala,GTM,2022,6.18
Guinea,GIN,2006,2.35
Guinea,GIN,2008,2.94
Guinea,GIN,2010,2.94
Guinea,GIN,2011,2.94
Guinea,GIN,2012,2.94
Guinea,GIN,2013,2.65
Guinea,GIN,2014,2.94
Guinea,GIN,2015,2.94
Guinea,GIN,2016,2.94
Guinea,GIN,2017,2.94
Guinea,GIN,2018,2.94
Guinea,GIN,2019,2.94
Guinea,GIN,2020,2.65
Guinea,GIN,2021,2.65
Guinea,GIN,2022,2.65
Guinea-Bissau,GNB,2006,2.65
Guinea-Bissau,GNB,2008,3.240000000000001
Guinea-Bissau,GNB,2010,3.240000000000001
Guinea-Bissau,GNB,2011,3.240000000000001
Guinea-Bissau,GNB,2012,2.65
Guinea-Bissau,GNB,2013,2.35
Guinea-Bissau,GNB,2014,2.06
Guinea-Bissau,GNB,2015,2.06
Guinea-Bissau,GNB,2016,2.35
Guinea-Bissau,GNB,2017,2.35
Guinea-Bissau,GNB,2018,2.35
Guinea-Bissau,GNB,2019,2.35
Guinea-Bissau,GNB,2020,2.35
Guinea-Bissau,GNB,2021,2.35
Guinea-Bissau,GNB,2022,2.35
Guyana,GUY,2006,8.24
Guyana,GUY,2008,8.24
Guyana,GUY,2010,7.06
Guyana,GUY,2011,7.06
Guyana,GUY,2012,7.06
Guyana,GUY,2013,7.06
Guyana,GUY,2014,7.06
Guyana,GUY,2015,7.06
Guyana,GUY,2016,7.06
Guyana,GUY,2017,7.35
Guyana,GUY,2018,7.35
Guyana,GUY,2019,7.35
Guyana,GUY,2020,7.06
Guyana,GUY,2021,7.06
Guyana,GUY,2022,7.06
Haiti,HTI,2006,6.470000000000001
Haiti,HTI,2008,6.470000000000001
Haiti,HTI,2010,6.470000000000001
Haiti,HTI,2011,6.470000000000001
Haiti,HTI,2012,6.470000000000001
Haiti,HTI,2013,6.76
Haiti,HTI,2014,6.76
Haiti,HTI,2015,6.76
Haiti,HTI,2016,6.76
Haiti,HTI,2017,6.18
Haiti,HTI,2018,5.88
Haiti,HTI,2019,5.88
Haiti,HTI,2020,5.59
Haiti,HTI,2021,5.29
Haiti,HTI,2022,5
Honduras,HND,2006,7.06
Honduras,HND,2008,7.06
Honduras,HND,2010,6.76
Honduras,HND,2011,6.470000000000001
Honduras,HND,2012,6.470000000000001
Honduras,HND,2013,6.470000000000001
Honduras,HND,2014,6.470000000000001
Honduras,HND,2015,6.470000000000001
Honduras,HND,2016,6.470000000000001
Honduras,HND,2017,6.18
Honduras,HND,2018,6.18
Honduras,HND,2019,6.18
Honduras,HND,2020,5.88
Honduras,HND,2021,5.88
Honduras,HND,2022,5.59
Hong Kong,HKG,2006,9.71
Hong Kong,HKG,2008,9.41
Hong Kong,HKG,2010,9.41
Hong Kong,HKG,2011,9.41
Hong Kong,HKG,2012,9.41
Hong Kong,HKG,2013,9.41
Hong Kong,HKG,2014,9.41
Hong Kong,HKG,2015,9.41
Hong Kong,HKG,2016,9.41
Hong Kong,HKG,2017,8.53
Hong Kong,HKG,2018,8.53
Hong Kong,HKG,2019,8.53
Hong Kong,HKG,2020,8.53
Hong Kong,HKG,2021,8.53
Hong Kong,HKG,2022,7.94
Hungary,HUN,2006,9.41
Hungary,HUN,2008,9.12
Hungary,HUN,2010,8.53
Hungary,HUN,2011,8.24
Hungary,HUN,2012,8.24
Hungary,HUN,2013,8.24
Hungary,HUN,2014,7.94
Hungary,HUN,2015,7.65
Hungary,HUN,2016,7.06
Hungary,HUN,2017,7.06
Hungary,HUN,2018,7.06
Hungary,HUN,2019,7.06
Hungary,HUN,2020,6.76
Hungary,HUN,2021,6.47
Hungary,HUN,2022,6.76
Iceland,ISL,2006,10
Iceland,ISL,2008,9.71
Iceland,ISL,2010,9.71
Iceland,ISL,2011,9.71
Iceland,ISL,2012,9.71
Iceland,ISL,2013,9.71
Iceland,ISL,2014,9.71
Iceland,ISL,2015,9.71
Iceland,ISL,2016,9.71
Iceland,ISL,2017,9.71
Iceland,ISL,2018,9.71
Iceland,ISL,2019,9.71
Iceland,ISL,2020,9.41
Iceland,ISL,2021,9.41
Iceland,ISL,2022,9.71
India,IND,2006,9.41
India,IND,2008,9.41
India,IND,2010,9.41
India,IND,2011,9.41
India,IND,2012,9.41
India,IND,2013,9.41
India,IND,2014,9.41
India,IND,2015,9.12
India,IND,2016,9.12
India,IND,2017,7.35
India,IND,2018,7.35
India,IND,2019,6.76
India,IND,2020,5.59
India,IND,2021,6.18
India,IND,2022,6.18
Indonesia,IDN,2006,6.76
Indonesia,IDN,2008,6.76
Indonesia,IDN,2010,7.06
Indonesia,IDN,2011,7.06
Indonesia,IDN,2012,7.65
Indonesia,IDN,2013,6.76
Indonesia,IDN,2014,7.35
Indonesia,IDN,2015,7.35
Indonesia,IDN,2016,7.06
Indonesia,IDN,2017,5.59
Indonesia,IDN,2018,5.59
Indonesia,IDN,2019,5.59
Indonesia,IDN,2020,5.59
Indonesia,IDN,2021,6.18
Indonesia,IDN,2022,6.18
Iran,IRN,2006,1.47
Iran,IRN,2008,2.06
Iran,IRN,2010,1.76
Iran,IRN,2011,1.76
Iran,IRN,2012,1.76
Iran,IRN,2013,1.76
Iran,IRN,2014,1.76
Iran,IRN,2015,1.47
Iran,IRN,2016,1.47
Iran,IRN,2017,1.47
Iran,IRN,2018,1.47
Iran,IRN,2019,1.47
Iran,IRN,2020,1.47
Iran,IRN,2021,1.47
Iran,IRN,2022,1.47
Iraq,IRQ,2006,4.12
Iraq,IRQ,2008,4.12
Iraq,IRQ,2010,5
Iraq,IRQ,2011,4.41
Iraq,IRQ,2012,4.41
Iraq,IRQ,2013,4.41
Iraq,IRQ,2014,4.41
Iraq,IRQ,2015,4.41
Iraq,IRQ,2016,4.41
Iraq,IRQ,2017,3.819999999999999
Iraq,IRQ,2018,3.819999999999999
Iraq,IRQ,2019,1.76
Iraq,IRQ,2020,1.18
Iraq,IRQ,2021,1.18
Iraq,IRQ,2022,1.18
Ireland,IRL,2006,10
Ireland,IRL,2008,10
Ireland,IRL,2010,10
Ireland,IRL,2011,10
Ireland,IRL,2012,10
Ireland,IRL,2013,10
Ireland,IRL,2014,10
Ireland,IRL,2015,10
Ireland,IRL,2016,10
Ireland,IRL,2017,10
Ireland,IRL,2018,10
Ireland,IRL,2019,10
Ireland,IRL,2020,9.71
Ireland,IRL,2021,9.41
Ireland,IRL,2022,9.12
Israel,ISR,2006,5.29
Israel,ISR,2008,5.29
Israel,ISR,2010,5.29
Israel,ISR,2011,5.59
Israel,ISR,2012,5.59
Israel,ISR,2013,5.59
Israel,ISR,2014,5.88
Israel,ISR,2015,6.18
Israel,ISR,2016,6.18
Israel,ISR,2017,5.88
Israel,ISR,2018,5.88
Israel,ISR,2019,5.88
Israel,ISR,2020,5.59
Israel,ISR,2021,5.88
Israel,ISR,2022,5.88
Italy,ITA,2006,8.82
Italy,ITA,2008,9.12
Italy,ITA,2010,8.53
Italy,ITA,2011,8.53
Italy,ITA,2012,8.53
Italy,ITA,2013,8.53
Italy,ITA,2014,8.53
Italy,ITA,2015,8.53
Italy,ITA,2016,8.53
Italy,ITA,2017,8.53
Italy,ITA,2018,8.24
Italy,ITA,2019,7.94
Italy,ITA,2020,7.94
Italy,ITA,2021,7.65
Italy,ITA,2022,7.35
Jamaica,JAM,2006,9.12
Jamaica,JAM,2008,8.82
Jamaica,JAM,2010,8.82
Jamaica,JAM,2011,8.82
Jamaica,JAM,2012,9.12
Jamaica,JAM,2013,9.12
Jamaica,JAM,2014,9.12
Jamaica,JAM,2015,9.12
Jamaica,JAM,2016,9.12
Jamaica,JAM,2017,8.82
Jamaica,JAM,2018,8.53
Jamaica,JAM,2019,8.24
Jamaica,JAM,2020,8.53
Jamaica,JAM,2021,8.53
Jamaica,JAM,2022,8.53
Japan,JPN,2006,9.41
Japan,JPN,2008,9.41
Japan,JPN,2010,9.41
Japan,JPN,2011,9.41
Japan,JPN,2012,9.41
Japan,JPN,2013,9.41
Japan,JPN,2014,9.41
Japan,JPN,2015,8.82
Japan,JPN,2016,8.82
Japan,JPN,2017,8.82
Japan,JPN,2018,8.82
Japan,JPN,2019,8.82
Japan,JPN,2020,8.53
Japan,JPN,2021,8.24
Japan,JPN,2022,9.12
Jordan,JOR,2006,3.819999999999999
Jordan,JOR,2008,3.819999999999999
Jordan,JOR,2010,3.819999999999999
Jordan,JOR,2011,3.819999999999999
Jordan,JOR,2012,3.53
Jordan,JOR,2013,3.53
Jordan,JOR,2014,3.53
Jordan,JOR,2015,3.53
Jordan,JOR,2016,3.240000000000001
Jordan,JOR,2017,3.240000000000001
Jordan,JOR,2018,3.53
Jordan,JOR,2019,3.53
Jordan,JOR,2020,3.240000000000001
Jordan,JOR,2021,3.24
Jordan,JOR,2022,2.94
Kazakhstan,KAZ,2006,5.59
Kazakhstan,KAZ,2008,5.29
Kazakhstan,KAZ,2010,5.29
Kazakhstan,KAZ,2011,5
Kazakhstan,KAZ,2012,4.41
Kazakhstan,KAZ,2013,4.41
Kazakhstan,KAZ,2014,4.41
Kazakhstan,KAZ,2015,3.819999999999999
Kazakhstan,KAZ,2016,3.819999999999999
Kazakhstan,KAZ,2017,3.819999999999999
Kazakhstan,KAZ,2018,3.240000000000001
Kazakhstan,KAZ,2019,3.240000000000001
Kazakhstan,KAZ,2020,3.240000000000001
Kazakhstan,KAZ,2021,2.94
Kazakhstan,KAZ,2022,2.94
Kenya,KEN,2006,5
Kenya,KEN,2008,5
Kenya,KEN,2010,5.29
Kenya,KEN,2011,5.29
Kenya,KEN,2012,5.29
Kenya,KEN,2013,5.29
Kenya,KEN,2014,5.29
Kenya,KEN,2015,5
Kenya,KEN,2016,5
Kenya,KEN,2017,4.41
Kenya,KEN,2018,4.41
Kenya,KEN,2019,4.41
Kenya,KEN,2020,4.12
Kenya,KEN,2021,4.12
Kenya,KEN,2022,4.12
Kuwait,KWT,2006,3.240000000000001
Kuwait,KWT,2008,3.53
Kuwait,KWT,2010,3.819999999999999
Kuwait,KWT,2011,3.53
Kuwait,KWT,2012,3.53
Kuwait,KWT,2013,3.53
Kuwait,KWT,2014,3.53
Kuwait,KWT,2015,3.53
Kuwait,KWT,2016,3.53
Kuwait,KWT,2017,3.53
Kuwait,KWT,2018,3.53
Kuwait,KWT,2019,3.53
Kuwait,KWT,2020,3.240000000000001
Kuwait,KWT,2021,3.24
Kuwait,KWT,2022,3.24
Kyrgyzstan,KGZ,2006,5
Kyrgyzstan,KGZ,2008,5.29
Kyrgyzstan,KGZ,2010,5.29
Kyrgyzstan,KGZ,2011,5.29
Kyrgyzstan,KGZ,2012,5.29
Kyrgyzstan,KGZ,2013,5.29
Kyrgyzstan,KGZ,2014,5.29
Kyrgyzstan,KGZ,2015,5
Kyrgyzstan,KGZ,2016,5
Kyrgyzstan,KGZ,2017,5
Kyrgyzstan,KGZ,2018,5
Kyrgyzstan,KGZ,2019,5
Kyrgyzstan,KGZ,2020,4.71
Kyrgyzstan,KGZ,2021,4.71
Kyrgyzstan,KGZ,2022,4.71
Laos,LAO,2006,1.18
Laos,LAO,2008,1.18
Laos,LAO,2010,1.18
Laos,LAO,2011,1.18
Laos,LAO,2012,1.18
Laos,LAO,2013,1.18
Laos,LAO,2014,1.18
Laos,LAO,2015,1.18
Laos,LAO,2016,1.47
Laos,LAO,2017,1.47
Laos,LAO,2018,1.47
Laos,LAO,2019,1.18
Laos,LAO,2020,0.59
Laos,LAO,2021,0.59
Laos,LAO,2022,0.59
Latvia,LVA,2006,9.12
Latvia,LVA,2008,9.12
Latvia,LVA,2010,9.12
Latvia,LVA,2011,9.12
Latvia,LVA,2012,9.12
Latvia,LVA,2013,9.12
Latvia,LVA,2014,9.12
Latvia,LVA,2015,9.12
Latvia,LVA,2016,8.82
Latvia,LVA,2017,8.53
Latvia,LVA,2018,8.82
Latvia,LVA,2019,8.82
Latvia,LVA,2020,8.24
Latvia,LVA,2021,8.53
Latvia,LVA,2022,8.82
Lebanon,LBN,2006,6.470000000000001
Lebanon,LBN,2008,5.88
Lebanon,LBN,2010,5.59
Lebanon,LBN,2011,5.59
Lebanon,LBN,2012,5.59
Lebanon,LBN,2013,5.59
Lebanon,LBN,2014,5.59
Lebanon,LBN,2015,5.59
Lebanon,LBN,2016,5.59
Lebanon,LBN,2017,4.71
Lebanon,LBN,2018,4.71
Lebanon,LBN,2019,4.71
Lebanon,LBN,2020,4.12
Lebanon,LBN,2021,4.12
Lebanon,LBN,2022,4.12
Lesotho,LSO,2006,7.35
Lesotho,LSO,2008,6.76
Lesotho,LSO,2010,6.76
Lesotho,LSO,2011,6.76
Lesotho,LSO,2012,7.06
Lesotho,LSO,2013,7.06
Lesotho,LSO,2014,7.06
Lesotho,LSO,2015,7.06
Lesotho,LSO,2016,7.06
Lesotho,LSO,2017,6.76
Lesotho,LSO,2018,6.76
Lesotho,LSO,2019,6.76
Lesotho,LSO,2020,6.470000000000001
Lesotho,LSO,2021,6.47
Lesotho,LSO,2022,6.47
Liberia,LBR,2006,5.59
Liberia,LBR,2008,5.88
Liberia,LBR,2010,6.18
Liberia,LBR,2011,6.18
Liberia,LBR,2012,5.59
Liberia,LBR,2013,5.59
Liberia,LBR,2014,5.59
Liberia,LBR,2015,5.59
Liberia,LBR,2016,5.59
Liberia,LBR,2017,5.59
Liberia,LBR,2018,5.59
Liberia,LBR,2019,5.59
Liberia,LBR,2020,5.29
Liberia,LBR,2021,5.29
Liberia,LBR,2022,5.29
Libya,LBY,2006,1.47
Libya,LBY,2008,1.76
Libya,LBY,2010,1.47
Libya,LBY,2011,5.29
Libya,LBY,2012,5.59
Libya,LBY,2013,5.59
Libya,LBY,2014,5.29
Libya,LBY,2015,2.94
Libya,LBY,2016,2.94
Libya,LBY,2017,2.94
Libya,LBY,2018,2.94
Libya,LBY,2019,2.94
Libya,LBY,2020,2.65
Libya,LBY,2021,2.65
Libya,LBY,2022,2.65
Lithuania,LTU,2006,8.82
Lithuania,LTU,2008,9.12
Lithuania,LTU,2010,9.12
Lithuania,LTU,2011,9.12
Lithuania,LTU,2012,9.12
Lithuania,LTU,2013,9.71
Lithuania,LTU,2014,9.71
Lithuania,LTU,2015,9.71
Lithuania,LTU,2016,9.71
Lithuania,LTU,2017,9.41
Lithuania,LTU,2018,9.12
Lithuania,LTU,2019,9.12
Lithuania,LTU,2020,8.82
Lithuania,LTU,2021,8.53
Lithuania,LTU,2022,8.82
Luxembourg,LUX,2006,9.71
Luxembourg,LUX,2008,9.71
Luxembourg,LUX,2010,9.71
Luxembourg,LUX,2011,9.71
Luxembourg,LUX,2012,9.71
Luxembourg,LUX,2013,9.71
Luxembourg,LUX,2014,9.71
Luxembourg,LUX,2015,9.71
Luxembourg,LUX,2016,9.71
Luxembourg,LUX,2017,9.71
Luxembourg,LUX,2018,9.71
Luxembourg,LUX,2019,9.71
Luxembourg,LUX,2020,9.41
Luxembourg,LUX,2021,9.41
Luxembourg,LUX,2022,9.71
Madagascar,MDG,2006,5.29
Madagascar,MDG,2008,5.29
Madagascar,MDG,2010,4.71
Madagascar,MDG,2011,4.71
Madagascar,MDG,2012,4.71
Madagascar,MDG,2013,5
Madagascar,MDG,2014,4.71
Madagascar,MDG,2015,4.71
Madagascar,MDG,2016,4.71
Madagascar,MDG,2017,4.71
Madagascar,MDG,2018,4.71
Madagascar,MDG,2019,5
Madagascar,MDG,2020,4.71
Madagascar,MDG,2021,4.71
Madagascar,MDG,2022,4.71
Malawi,MWI,2006,5.59
Malawi,MWI,2008,5.59
Malawi,MWI,2010,5.88
Malawi,MWI,2011,5.29
Malawi,MWI,2012,5.88
Malawi,MWI,2013,6.18
Malawi,MWI,2014,6.18
Malawi,MWI,2015,6.18
Malawi,MWI,2016,6.18
Malawi,MWI,2017,5.88
Malawi,MWI,2018,5.88
Malawi,MWI,2019,5.88
Malawi,MWI,2020,6.18
Malawi,MWI,2021,6.18
Malawi,MWI,2022,6.47
Malaysia,MYS,2006,6.18
Malaysia,MYS,2008,6.18
Malaysia,MYS,2010,5.88
Malaysia,MYS,2011,5.88
Malaysia,MYS,2012,5.88
Malaysia,MYS,2013,5.88
Malaysia,MYS,2014,5.88
Malaysia,MYS,2015,5.59
Malaysia,MYS,2016,5.59
Malaysia,MYS,2017,5.59
Malaysia,MYS,2018,5.88
Malaysia,MYS,2019,5.88
Malaysia,MYS,2020,5.59
Malaysia,MYS,2021,5.29
Malaysia,MYS,2022,5.59
Mali,MLI,2006,6.470000000000001
Mali,MLI,2008,5.88
Mali,MLI,2010,5.88
Mali,MLI,2011,7.06
Mali,MLI,2012,6.470000000000001
Mali,MLI,2013,6.470000000000001
Mali,MLI,2014,6.470000000000001
Mali,MLI,2015,6.470000000000001
Mali,MLI,2016,6.470000000000001
Mali,MLI,2017,6.18
Mali,MLI,2018,6.18
Mali,MLI,2019,5.59
Mali,MLI,2020,4.41
Mali,MLI,2021,3.82
Mali,MLI,2022,3.82
Malta,MLT,2006,9.71
Malta,MLT,2008,9.71
Malta,MLT,2010,9.71
Malta,MLT,2011,9.71
Malta,MLT,2012,9.71
Malta,MLT,2013,9.71
Malta,MLT,2014,9.71
Malta,MLT,2015,9.71
Malta,MLT,2016,9.71
Malta,MLT,2017,8.53
Malta,MLT,2018,8.82
Malta,MLT,2019,8.82
Malta,MLT,2020,8.24
Malta,MLT,2021,8.24
Malta,MLT,2022,8.53
Mauritania,MRT,2006,4.12
Mauritania,MRT,2008,5
Mauritania,MRT,2010,5
Mauritania,MRT,2011,5
Mauritania,MRT,2012,5
Mauritania,MRT,2013,5
Mauritania,MRT,2014,5
Mauritania,MRT,2015,4.41
Mauritania,MRT,2016,4.41
Mauritania,MRT,2017,4.41
Mauritania,MRT,2018,4.41
Mauritania,MRT,2019,4.41
Mauritania,MRT,2020,4.41
Mauritania,MRT,2021,4.41
Mauritania,MRT,2022,4.41
Mauritius,MUS,2006,9.71
Mauritius,MUS,2008,9.71
Mauritius,MUS,2010,9.71
Mauritius,MUS,2011,9.71
Mauritius,MUS,2012,9.71
Mauritius,MUS,2013,9.71
Mauritius,MUS,2014,9.71
Mauritius,MUS,2015,9.71
Mauritius,MUS,2016,9.71
Mauritius,MUS,2017,9.41
Mauritius,MUS,2018,9.41
Mauritius,MUS,2019,9.41
Mauritius,MUS,2020,8.82
Mauritius,MUS,2021,8.53
Mauritius,MUS,2022,8.82
Mexico,MEX,2006,8.53
Mexico,MEX,2008,8.82
Mexico,MEX,2010,7.65
Mexico,MEX,2011,7.65
Mexico,MEX,2012,7.35
Mexico,MEX,2013,7.35
Mexico,MEX,2014,7.35
Mexico,MEX,2015,6.76
Mexico,MEX,2016,6.76
Mexico,MEX,2017,6.18
Mexico,MEX,2018,6.18
Mexico,MEX,2019,6.18
Mexico,MEX,2020,5.88
Mexico,MEX,2021,5.59
Mexico,MEX,2022,5.59
Moldova,MDA,2006,7.94
Moldova,MDA,2008,7.94
Moldova,MDA,2010,7.94
Moldova,MDA,2011,7.94
Moldova,MDA,2012,7.94
Moldova,MDA,2013,7.94
Moldova,MDA,2014,7.94
Moldova,MDA,2015,8.53
Moldova,MDA,2016,7.35
Moldova,MDA,2017,7.06
Moldova,MDA,2018,7.06
Moldova,MDA,2019,7.06
Moldova,MDA,2020,6.76
Moldova,MDA,2021,6.76
Moldova,MDA,2022,6.76
Mongolia,MNG,2006,8.24
Mongolia,MNG,2008,8.24
Mongolia,MNG,2010,8.24
Mongolia,MNG,2011,8.24
Mongolia,MNG,2012,8.24
Mongolia,MNG,2013,8.24
Mongolia,MNG,2014,8.24
Mongolia,MNG,2015,8.24
Mongolia,MNG,2016,8.24
Mongolia,MNG,2017,7.06
Mongolia,MNG,2018,7.06
Mongolia,MNG,2019,7.06
Mongolia,MNG,2020,6.76
Mongolia,MNG,2021,5.88
Mongolia,MNG,2022,5.88
Montenegro,MNE,2006,7.35
Montenegro,MNE,2008,7.35
Montenegro,MNE,2010,7.06
Montenegro,MNE,2011,7.06
Montenegro,MNE,2012,7.06
Montenegro,MNE,2013,7.06
Montenegro,MNE,2014,7.06
Montenegro,MNE,2015,7.06
Montenegro,MNE,2016,6.76
Montenegro,MNE,2017,7.06
Montenegro,MNE,2018,6.76
Montenegro,MNE,2019,6.76
Montenegro,MNE,2020,6.470000000000001
Montenegro,MNE,2021,6.47
Montenegro,MNE,2022,7.06
Morocco,MAR,2006,3.819999999999999
Morocco,MAR,2008,4.12
Morocco,MAR,2010,4.12
Morocco,MAR,2011,4.41
Morocco,MAR,2012,4.41
Morocco,MAR,2013,4.41
Morocco,MAR,2014,4.41
Morocco,MAR,2015,4.41
Morocco,MAR,2016,4.41
Morocco,MAR,2017,4.41
Morocco,MAR,2018,4.41
Morocco,MAR,2019,4.41
Morocco,MAR,2020,4.12
Morocco,MAR,2021,4.12
Morocco,MAR,2022,4.12
Mozambique,MOZ,2006,4.12
Mozambique,MOZ,2008,4.12
Mozambique,MOZ,2010,3.819999999999999
Mozambique,MOZ,2011,3.819999999999999
Mozambique,MOZ,2012,4.12
Mozambique,MOZ,2013,4.12
Mozambique,MOZ,2014,4.12
Mozambique,MOZ,2015,3.819999999999999
Mozambique,MOZ,2016,3.53
Mozambique,MOZ,2017,3.53
Mozambique,MOZ,2018,3.53
Mozambique,MOZ,2019,3.53
Mozambique,MOZ,2020,3.53
Mozambique,MOZ,2021,3.53
Mozambique,MOZ,2022,3.53
Myanmar,MMR,2006,0.8800000000000001
Myanmar,MMR,2008,0.8800000000000001
Myanmar,MMR,2010,0.8800000000000001
Myanmar,MMR,2011,0.8800000000000001
Myanmar,MMR,2012,1.18
Myanmar,MMR,2013,1.76
Myanmar,MMR,2014,2.06
Myanmar,MMR,2015,2.65
Myanmar,MMR,2016,2.94
Myanmar,MMR,2017,2.06
Myanmar,MMR,2018,2.06
Myanmar,MMR,2019,2.35
Myanmar,MMR,2020,2.35
Myanmar,MMR,2021,0.29
Myanmar,MMR,2022,0
Namibia,NAM,2006,8.53
Namibia,NAM,2008,8.24
Namibia,NAM,2010,8.24
Namibia,NAM,2011,8.24
Namibia,NAM,2012,8.24
Namibia,NAM,2013,8.24
Namibia,NAM,2014,8.24
Namibia,NAM,2015,8.24
Namibia,NAM,2016,8.24
Namibia,NAM,2017,8.24
Namibia,NAM,2018,7.94
Namibia,NAM,2019,7.94
Namibia,NAM,2020,7.94
Namibia,NAM,2021,7.94
Namibia,NAM,2022,7.94
Nepal,NPL,2006,5.59
Nepal,NPL,2008,5.59
Nepal,NPL,2010,5.59
Nepal,NPL,2011,5.59
Nepal,NPL,2012,5.59
Nepal,NPL,2013,5.59
Nepal,NPL,2014,5.59
Nepal,NPL,2015,5.59
Nepal,NPL,2016,5.59
Nepal,NPL,2017,5.59
Nepal,NPL,2018,5.59
Nepal,NPL,2019,5.59
Nepal,NPL,2020,5.29
Nepal,NPL,2021,5.29
Nepal,NPL,2022,5.29
Netherlands,NLD,2006,10
Netherlands,NLD,2008,9.71
Netherlands,NLD,2010,9.41
Netherlands,NLD,2011,9.41
Netherlands,NLD,2012,9.41
Netherlands,NLD,2013,9.41
Netherlands,NLD,2014,9.41
Netherlands,NLD,2015,9.41
Netherlands,NLD,2016,9.41
Netherlands,NLD,2017,9.12
Netherlands,NLD,2018,9.12
Netherlands,NLD,2019,9.12
Netherlands,NLD,2020,8.82
Netherlands,NLD,2021,8.82
Netherlands,NLD,2022,9.41
New Zealand,NZL,2006,10
New Zealand,NZL,2008,10
New Zealand,NZL,2010,10
New Zealand,NZL,2011,10
New Zealand,NZL,2012,10
New Zealand,NZL,2013,10
New Zealand,NZL,2014,10
New Zealand,NZL,2015,10
New Zealand,NZL,2016,10
New Zealand,NZL,2017,10
New Zealand,NZL,2018,10
New Zealand,NZL,2019,10
New Zealand,NZL,2020,9.71
New Zealand,NZL,2021,9.71
New Zealand,NZL,2022,10
Nicaragua,NIC,2006,7.35
Nicaragua,NIC,2008,7.94
Nicaragua,NIC,2010,7.35
Nicaragua,NIC,2011,7.35
Nicaragua,NIC,2012,7.35
Nicaragua,NIC,2013,7.06
Nicaragua,NIC,2014,7.06
Nicaragua,NIC,2015,6.76
Nicaragua,NIC,2016,6.76
Nicaragua,NIC,2017,7.06
Nicaragua,NIC,2018,4.12
Nicaragua,NIC,2019,4.12
Nicaragua,NIC,2020,4.12
Nicaragua,NIC,2021,3.24
Nicaragua,NIC,2022,2.65
Niger,NER,2006,5.88
Niger,NER,2008,4.71
Niger,NER,2010,4.71
Niger,NER,2011,5
Niger,NER,2012,5
Niger,NER,2013,5
Niger,NER,2014,4.71
Niger,NER,2015,4.71
Niger,NER,2016,4.71
Niger,NER,2017,4.71
Niger,NER,2018,4.71
Niger,NER,2019,4.71
Niger,NER,2020,4.71
Niger,NER,2021,4.71
Niger,NER,2022,4.71
Nigeria,NGA,2006,3.819999999999999
Nigeria,NGA,2008,3.819999999999999
Nigeria,NGA,2010,3.819999999999999
Nigeria,NGA,2011,3.819999999999999
Nigeria,NGA,2012,3.53
Nigeria,NGA,2013,3.53
Nigeria,NGA,2014,3.819999999999999
Nigeria,NGA,2015,4.41
Nigeria,NGA,2016,4.41
Nigeria,NGA,2017,4.41
Nigeria,NGA,2018,4.41
Nigeria,NGA,2019,4.41
Nigeria,NGA,2020,4.12
Nigeria,NGA,2021,3.82
Nigeria,NGA,2022,4.41
North Korea,PRK,2006,0
North Korea,PRK,2008,0
North Korea,PRK,2010,0
North Korea,PRK,2011,0
North Korea,PRK,2012,0
North Korea,PRK,2013,0
North Korea,PRK,2014,0
North Korea,PRK,2015,0
North Korea,PRK,2016,0
North Korea,PRK,2017,0
North Korea,PRK,2018,0
North Korea,PRK,2019,0
North Korea,PRK,2020,0
North Korea,PRK,2021,0
North Korea,PRK,2022,0
North Macedonia,MKD,2006,7.94
North Macedonia,MKD,2008,8.24
North Macedonia,MKD,2010,7.94
North Macedonia,MKD,2011,7.94
North Macedonia,MKD,2012,7.94
North Macedonia,MKD,2013,7.94
North Macedonia,MKD,2014,7.65
North Macedonia,MKD,2015,7.65
North Macedonia,MKD,2016,6.18
North Macedonia,MKD,2017,7.06
North Macedonia,MKD,2018,7.06
North Macedonia,MKD,2019,7.06
North Macedonia,MKD,2020,7.06
North Macedonia,MKD,2021,7.06
North Macedonia,MKD,2022,7.35
Norway,NOR,2006,10
Norway,NOR,2008,10
Norway,NOR,2010,10
Norway,NOR,2011,10
Norway,NOR,2012,10
Norway,NOR,2013,10
Norway,NOR,2014,10
Norway,NOR,2015,10
Norway,NOR,2016,10
Norway,NOR,2017,9.71
Norway,NOR,2018,9.71
Norway,NOR,2019,9.71
Norway,NOR,2020,9.41
Norway,NOR,2021,9.12
Norway,NOR,2022,9.41
Oman,OMN,2006,4.12
Oman,OMN,2008,4.12
Oman,OMN,2010,4.12
Oman,OMN,2011,4.12
Oman,OMN,2012,4.12
Oman,OMN,2013,4.12
Oman,OMN,2014,4.12
Oman,OMN,2015,4.12
Oman,OMN,2016,4.12
Oman,OMN,2017,4.12
Oman,OMN,2018,4.12
Oman,OMN,2019,4.12
Oman,OMN,2020,3.819999999999999
Oman,OMN,2021,3.82
Oman,OMN,2022,3.82
Pakistan,PAK,2006,5
Pakistan,PAK,2008,5
Pakistan,PAK,2010,5.29
Pakistan,PAK,2011,5.29
Pakistan,PAK,2012,5.29
Pakistan,PAK,2013,5.29
Pakistan,PAK,2014,5.29
Pakistan,PAK,2015,5
Pakistan,PAK,2016,5
Pakistan,PAK,2017,4.71
Pakistan,PAK,2018,4.71
Pakistan,PAK,2019,4.71
Pakistan,PAK,2020,4.71
Pakistan,PAK,2021,4.71
Pakistan,PAK,2022,4.71
Palestine,PSE,2006,4.41
Palestine,PSE,2008,4.41
Palestine,PSE,2010,3.819999999999999
Palestine,PSE,2011,3.819999999999999
Palestine,PSE,2012,3.819999999999999
Palestine,PSE,2013,3.819999999999999
Palestine,PSE,2014,3.819999999999999
Palestine,PSE,2015,3.819999999999999
Palestine,PSE,2016,3.819999999999999
Palestine,PSE,2017,3.819999999999999
Palestine,PSE,2018,3.819999999999999
Palestine,PSE,2019,3.819999999999999
Palestine,PSE,2020,3.53
Palestine,PSE,2021,3.53
Palestine,PSE,2022,3.53
Panama,PAN,2006,8.82
Panama,PAN,2008,8.82
Panama,PAN,2010,8.82
Panama,PAN,2011,8.82
Panama,PAN,2012,8.82
Panama,PAN,2013,8.82
Panama,PAN,2014,8.82
Panama,PAN,2015,8.82
Panama,PAN,2016,8.53
Panama,PAN,2017,7.94
Panama,PAN,2018,7.94
Panama,PAN,2019,7.94
Panama,PAN,2020,7.65
Panama,PAN,2021,7.65
Panama,PAN,2022,7.94
Papua New Guinea,PNG,2006,8.24
Papua New Guinea,PNG,2008,8.24
Papua New Guinea,PNG,2010,8.24
Papua New Guinea,PNG,2011,8.24
Papua New Guinea,PNG,2012,8.24
Papua New Guinea,PNG,2013,8.24
Papua New Guinea,PNG,2014,7.65
Papua New Guinea,PNG,2015,7.65
Papua New Guinea,PNG,2016,7.65
Papua New Guinea,PNG,2017,7.65
Papua New Guinea,PNG,2018,7.65
Papua New Guinea,PNG,2019,7.65
Papua New Guinea,PNG,2020,7.94
Papua New Guinea,PNG,2021,7.35
Papua New Guinea,PNG,2022,7.35
Paraguay,PRY,2006,8.53
Paraguay,PRY,2008,8.24
Paraguay,PRY,2010,8.24
Paraguay,PRY,2011,8.24
Paraguay,PRY,2012,8.24
Paraguay,PRY,2013,8.24
Paraguay,PRY,2014,8.24
Paraguay,PRY,2015,8.24
Paraguay,PRY,2016,7.94
Paraguay,PRY,2017,7.35
Paraguay,PRY,2018,7.35
Paraguay,PRY,2019,7.35
Paraguay,PRY,2020,7.06
Paraguay,PRY,2021,7.06
Paraguay,PRY,2022,7.35
Peru,PER,2006,7.94
Peru,PER,2008,7.94
Peru,PER,2010,8.24
Peru,PER,2011,8.24
Peru,PER,2012,8.24
Peru,PER,2013,8.53
Peru,PER,2014,8.53
Peru,PER,2015,8.24
Peru,PER,2016,8.24
Peru,PER,2017,7.35
Peru,PER,2018,7.65
Peru,PER,2019,7.65
Peru,PER,2020,7.35
Peru,PER,2021,7.06
Peru,PER,2022,6.47
Philippines,PHL,2006,9.12
Philippines,PHL,2008,9.12
Philippines,PHL,2010,9.12
Philippines,PHL,2011,9.12
Philippines,PHL,2012,9.12
Philippines,PHL,2013,9.12
Philippines,PHL,2014,9.12
Philippines,PHL,2015,9.12
Philippines,PHL,2016,8.24
Philippines,PHL,2017,7.06
Philippines,PHL,2018,7.06
Philippines,PHL,2019,7.06
Philippines,PHL,2020,6.470000000000001
Philippines,PHL,2021,6.76
Philippines,PHL,2022,7.35
Poland,POL,2006,9.12
Poland,POL,2008,9.12
Poland,POL,2010,9.12
Poland,POL,2011,9.12
Poland,POL,2012,9.12
Poland,POL,2013,9.12
Poland,POL,2014,9.12
Poland,POL,2015,9.12
Poland,POL,2016,8.24
Poland,POL,2017,7.65
Poland,POL,2018,7.65
Poland,POL,2019,7.35
Poland,POL,2020,7.06
Poland,POL,2021,6.47
Poland,POL,2022,7.06
Portugal,PRT,2006,9.41
Portugal,PRT,2008,9.41
Portugal,PRT,2010,9.41
Portugal,PRT,2011,9.41
Portugal,PRT,2012,9.41
Portugal,PRT,2013,9.41
Portugal,PRT,2014,9.41
Portugal,PRT,2015,9.41
Portugal,PRT,2016,9.41
Portugal,PRT,2017,9.12
Portugal,PRT,2018,9.12
Portugal,PRT,2019,9.12
Portugal,PRT,2020,8.82
Portugal,PRT,2021,8.82
Portugal,PRT,2022,9.12
Qatar,QAT,2006,3.819999999999999
Qatar,QAT,2008,4.41
Qatar,QAT,2010,4.41
Qatar,QAT,2011,4.12
Qatar,QAT,2012,4.12
Qatar,QAT,2013,4.12
Qatar,QAT,2014,4.12
Qatar,QAT,2015,4.12
Qatar,QAT,2016,4.12
Qatar,QAT,2017,3.819999999999999
Qatar,QAT,2018,3.819999999999999
Qatar,QAT,2019,3.819999999999999
Qatar,QAT,2020,3.53
Qatar,QAT,2021,3.53
Qatar,QAT,2022,3.53
Romania,ROU,2006,8.53
Romania,ROU,2008,8.53
Romania,ROU,2010,8.24
Romania,ROU,2011,8.24
Romania,ROU,2012,8.24
Romania,ROU,2013,8.24
Romania,ROU,2014,8.53
Romania,ROU,2015,8.53
Romania,ROU,2016,8.24
Romania,ROU,2017,7.94
Romania,ROU,2018,7.65
Romania,ROU,2019,7.65
Romania,ROU,2020,7.06
Romania,ROU,2021,7.06
Romania,ROU,2022,7.35
Russia,RUS,2006,5.59
Russia,RUS,2008,5
Russia,RUS,2010,4.71
Russia,RUS,2011,4.71
Russia,RUS,2012,4.41
Russia,RUS,2013,4.12
Russia,RUS,2014,3.53
Russia,RUS,2015,3.53
Russia,RUS,2016,3.53
Russia,RUS,2017,4.41
Russia,RUS,2018,3.240000000000001
Russia,RUS,2019,4.12
Russia,RUS,2020,4.12
Russia,RUS,2021,4.12
Russia,RUS,2022,2.35
Rwanda,RWA,2006,5.29
Rwanda,RWA,2008,5.29
Rwanda,RWA,2010,4.12
Rwanda,RWA,2011,4.12
Rwanda,RWA,2012,4.12
Rwanda,RWA,2013,3.819999999999999
Rwanda,RWA,2014,3.819999999999999
Rwanda,RWA,2015,2.94
Rwanda,RWA,2016,2.94
Rwanda,RWA,2017,2.94
Rwanda,RWA,2018,2.94
Rwanda,RWA,2019,2.94
Rwanda,RWA,2020,2.65
Rwanda,RWA,2021,2.65
Rwanda,RWA,2022,2.65
Saudi Arabia,SAU,2006,1.76
Saudi Arabia,SAU,2008,1.76
Saudi Arabia,SAU,2010,1.47
Saudi Arabia,SAU,2011,1.76
Saudi Arabia,SAU,2012,1.47
Saudi Arabia,SAU,2013,1.47
Saudi Arabia,SAU,2014,1.47
Saudi Arabia,SAU,2015,1.47
Saudi Arabia,SAU,2016,1.47
Saudi Arabia,SAU,2017,1.47
Saudi Arabia,SAU,2018,1.47
Saudi Arabia,SAU,2019,1.47
Saudi Arabia,SAU,2020,1.47
Saudi Arabia,SAU,2021,1.47
Saudi Arabia,SAU,2022,1.47
Senegal,SEN,2006,5.88
Senegal,SEN,2008,5.88
Senegal,SEN,2010,6.18
Senegal,SEN,2011,6.18
Senegal,SEN,2012,6.76
Senegal,SEN,2013,7.06
Senegal,SEN,2014,7.06
Senegal,SEN,2015,7.06
Senegal,SEN,2016,7.06
Senegal,SEN,2017,6.470000000000001
Senegal,SEN,2018,6.470000000000001
Senegal,SEN,2019,6.18
Senegal,SEN,2020,5.88
Senegal,SEN,2021,5.59
Senegal,SEN,2022,5.59
Serbia,SRB,2006,7.94
Serbia,SRB,2008,7.65
Serbia,SRB,2010,7.35
Serbia,SRB,2011,7.35
Serbia,SRB,2012,7.35
Serbia,SRB,2013,7.35
Serbia,SRB,2014,7.35
Serbia,SRB,2015,7.35
Serbia,SRB,2016,7.06
Serbia,SRB,2017,7.35
Serbia,SRB,2018,7.35
Serbia,SRB,2019,7.35
Serbia,SRB,2020,7.06
Serbia,SRB,2021,7.06
Serbia,SRB,2022,7.35
Sierra Leone,SLE,2006,4.41
Sierra Leone,SLE,2008,4.71
Sierra Leone,SLE,2010,5.29
Sierra Leone,SLE,2011,5.29
Sierra Leone,SLE,2012,5.29
Sierra Leone,SLE,2013,5.29
Sierra Leone,SLE,2014,5.29
Sierra Leone,SLE,2015,5.29
Sierra Leone,SLE,2016,5.29
Sierra Leone,SLE,2017,5.29
Sierra Leone,SLE,2018,5.29
Sierra Leone,SLE,2019,5.29
Sierra Leone,SLE,2020,5.29
Sierra Leone,SLE,2021,5.29
Sierra Leone,SLE,2022,5
Singapore,SGP,2006,7.35
Singapore,SGP,2008,7.35
Singapore,SGP,2010,7.35
Singapore,SGP,2011,7.35
Singapore,SGP,2012,7.35
Singapore,SGP,2013,7.35
Singapore,SGP,2014,7.06
Singapore,SGP,2015,7.06
Singapore,SGP,2016,7.35
Singapore,SGP,2017,7.06
Singapore,SGP,2018,7.35
Singapore,SGP,2019,7.06
Singapore,SGP,2020,6.76
Singapore,SGP,2021,6.18
Singapore,SGP,2022,6.47
Slovakia,SVK,2006,8.82
Slovakia,SVK,2008,8.82
Slovakia,SVK,2010,9.12
Slovakia,SVK,2011,9.12
Slovakia,SVK,2012,9.12
Slovakia,SVK,2013,9.12
Slovakia,SVK,2014,9.12
Slovakia,SVK,2015,8.82
Slovakia,SVK,2016,8.53
Slovakia,SVK,2017,8.24
Slovakia,SVK,2018,7.94
Slovakia,SVK,2019,7.94
Slovakia,SVK,2020,7.65
Slovakia,SVK,2021,7.94
Slovakia,SVK,2022,8.53
Slovenia,SVN,2006,8.82
Slovenia,SVN,2008,8.82
Slovenia,SVN,2010,8.82
Slovenia,SVN,2011,8.82
Slovenia,SVN,2012,8.82
Slovenia,SVN,2013,8.82
Slovenia,SVN,2014,8.82
Slovenia,SVN,2015,8.82
Slovenia,SVN,2016,8.53
Slovenia,SVN,2017,8.24
Slovenia,SVN,2018,8.24
Slovenia,SVN,2019,8.24
Slovenia,SVN,2020,8.24
Slovenia,SVN,2021,8.24
Slovenia,SVN,2022,8.53
South Africa,ZAF,2006,8.82
South Africa,ZAF,2008,8.82
South Africa,ZAF,2010,8.53
South Africa,ZAF,2011,8.53
South Africa,ZAF,2012,8.53
South Africa,ZAF,2013,8.53
South Africa,ZAF,2014,8.53
South Africa,ZAF,2015,7.94
South Africa,ZAF,2016,7.94
South Africa,ZAF,2017,7.94
South Africa,ZAF,2018,7.94
South Africa,ZAF,2019,7.94
South Africa,ZAF,2020,7.35
South Africa,ZAF,2021,7.35
South Africa,ZAF,2022,7.35
South Korea,KOR,2006,7.94
South Korea,KOR,2008,8.24
South Korea,KOR,2010,8.82
South Korea,KOR,2011,8.53
South Korea,KOR,2012,8.53
South Korea,KOR,2013,8.53
South Korea,KOR,2014,8.53
South Korea,KOR,2015,8.53
South Korea,KOR,2016,8.24
South Korea,KOR,2017,8.24
South Korea,KOR,2018,8.24
South Korea,KOR,2019,8.24
South Korea,KOR,2020,7.94
South Korea,KOR,2021,7.94
South Korea,KOR,2022,8.53
Spain,ESP,2006,9.41
Spain,ESP,2008,9.41
Spain,ESP,2010,9.41
Spain,ESP,2011,9.41
Spain,ESP,2012,9.41
Spain,ESP,2013,9.41
Spain,ESP,2014,9.41
Spain,ESP,2015,9.41
Spain,ESP,2016,9.41
Spain,ESP,2017,8.82
Spain,ESP,2018,8.82
Spain,ESP,2019,8.82
Spain,ESP,2020,8.53
Spain,ESP,2021,8.24
Spain,ESP,2022,8.53
Sri Lanka,LKA,2006,7.94
Sri Lanka,LKA,2008,7.94
Sri Lanka,LKA,2010,8.24
Sri Lanka,LKA,2011,7.94
Sri Lanka,LKA,2012,5.88
Sri Lanka,LKA,2013,5.59
Sri Lanka,LKA,2014,5.59
Sri Lanka,LKA,2015,5.59
Sri Lanka,LKA,2016,5.88
Sri Lanka,LKA,2017,6.18
Sri Lanka,LKA,2018,6.18
Sri Lanka,LKA,2019,6.470000000000001
Sri Lanka,LKA,2020,6.18
Sri Lanka,LKA,2021,6.18
Sri Lanka,LKA,2022,6.18
Sudan,SDN,2006,3.240000000000001
Sudan,SDN,2008,3.53
Sudan,SDN,2010,2.35
Sudan,SDN,2011,1.76
Sudan,SDN,2012,1.76
Sudan,SDN,2013,1.47
Sudan,SDN,2014,1.47
Sudan,SDN,2015,1.18
Sudan,SDN,2016,1.18
Sudan,SDN,2017,1.18
Sudan,SDN,2018,1.18
Sudan,SDN,2019,1.18
Sudan,SDN,2020,1.47
Sudan,SDN,2021,1.47
Sudan,SDN,2022,1.47
Suriname,SUR,2006,7.94
Suriname,SUR,2008,8.24
Suriname,SUR,2010,8.24
Suriname,SUR,2011,8.24
Suriname,SUR,2012,8.24
Suriname,SUR,2013,8.24
Suriname,SUR,2014,8.24
Suriname,SUR,2015,8.24
Suriname,SUR,2016,8.24
Suriname,SUR,2017,7.65
Suriname,SUR,2018,7.65
Suriname,SUR,2019,7.65
Suriname,SUR,2020,7.35
Suriname,SUR,2021,7.35
Suriname,SUR,2022,7.65
Sweden,SWE,2006,10
Sweden,SWE,2008,10
Sweden,SWE,2010,10
Sweden,SWE,2011,10
Sweden,SWE,2012,10
Sweden,SWE,2013,10
Sweden,SWE,2014,10
Sweden,SWE,2015,9.71
Sweden,SWE,2016,9.41
Sweden,SWE,2017,9.41
Sweden,SWE,2018,9.41
Sweden,SWE,2019,9.41
Sweden,SWE,2020,9.12
Sweden,SWE,2021,9.12
Sweden,SWE,2022,9.41
Switzerland,CHE,2006,9.71
Switzerland,CHE,2008,9.71
Switzerland,CHE,2010,9.41
Switzerland,CHE,2011,9.41
Switzerland,CHE,2012,9.41
Switzerland,CHE,2013,9.41
Switzerland,CHE,2014,9.41
Switzerland,CHE,2015,9.41
Switzerland,CHE,2016,9.41
Switzerland,CHE,2017,9.12
Switzerland,CHE,2018,9.12
Switzerland,CHE,2019,9.12
Switzerland,CHE,2020,8.82
Switzerland,CHE,2021,8.82
Switzerland,CHE,2022,9.12
Syria,SYR,2006,1.47
Syria,SYR,2008,1.47
Syria,SYR,2010,1.76
Syria,SYR,2011,0.29
Syria,SYR,2012,0
Syria,SYR,2013,0
Syria,SYR,2014,0
Syria,SYR,2015,0
Syria,SYR,2016,0
Syria,SYR,2017,0
Syria,SYR,2018,0
Syria,SYR,2019,0
Syria,SYR,2020,0
Syria,SYR,2021,0
Syria,SYR,2022,0
Taiwan,TWN,2006,9.71
Taiwan,TWN,2008,9.71
Taiwan,TWN,2010,9.71
Taiwan,TWN,2011,9.41
Taiwan,TWN,2012,9.41
Taiwan,TWN,2013,9.41
Taiwan,TWN,2014,9.41
Taiwan,TWN,2015,9.41
Taiwan,TWN,2016,9.41
Taiwan,TWN,2017,9.12
Taiwan,TWN,2018,9.12
Taiwan,TWN,2019,9.12
Taiwan,TWN,2020,9.71
Taiwan,TWN,2021,9.41
Taiwan,TWN,2022,9.41
Tajikistan,TJK,2006,1.18
Tajikistan,TJK,2008,1.18
Tajikistan,TJK,2010,1.47
Tajikistan,TJK,2011,1.47
Tajikistan,TJK,2012,1.47
Tajikistan,TJK,2013,1.47
Tajikistan,TJK,2014,1.47
Tajikistan,TJK,2015,1.18
Tajikistan,TJK,2016,0.8800000000000001
Tajikistan,TJK,2017,0.8800000000000001
Tajikistan,TJK,2018,0.8800000000000001
Tajikistan,TJK,2019,0.8800000000000001
Tajikistan,TJK,2020,0.8800000000000001
Tajikistan,TJK,2021,0.88
Tajikistan,TJK,2022,0.88
Tanzania,TZA,2006,5.29
Tanzania,TZA,2008,5.29
Tanzania,TZA,2010,5.29
Tanzania,TZA,2011,5.29
Tanzania,TZA,2012,5.59
Tanzania,TZA,2013,5.59
Tanzania,TZA,2014,5.59
Tanzania,TZA,2015,5.29
Tanzania,TZA,2016,5
Tanzania,TZA,2017,4.71
Tanzania,TZA,2018,4.41
Tanzania,TZA,2019,4.41
Tanzania,TZA,2020,4.41
Tanzania,TZA,2021,4.41
Tanzania,TZA,2022,4.41
Thailand,THA,2006,6.470000000000001
Thailand,THA,2008,7.06
Thailand,THA,2010,7.06
Thailand,THA,2011,7.06
Thailand,THA,2012,7.06
Thailand,THA,2013,6.76
Thailand,THA,2014,6.76
Thailand,THA,2015,6.470000000000001
Thailand,THA,2016,6.18
Thailand,THA,2017,5.88
Thailand,THA,2018,5.88
Thailand,THA,2019,6.470000000000001
Thailand,THA,2020,5.29
Thailand,THA,2021,5.29
Thailand,THA,2022,5.88
Togo,TGO,2006,1.76
Togo,TGO,2008,3.53
Togo,TGO,2010,4.12
Togo,TGO,2011,4.12
Togo,TGO,2012,4.12
Togo,TGO,2013,4.12
Togo,TGO,2014,4.12
Togo,TGO,2015,4.12
Togo,TGO,2016,4.12
Togo,TGO,2017,3.53
Togo,TGO,2018,3.240000000000001
Togo,TGO,2019,3.240000000000001
Togo,TGO,2020,2.94
Togo,TGO,2021,2.94
Togo,TGO,2022,2.94
Trinidad and Tobago,TTO,2006,8.24
Trinidad and Tobago,TTO,2008,7.94
Trinidad and Tobago,TTO,2010,7.94
Trinidad and Tobago,TTO,2011,7.94
Trinidad and Tobago,TTO,2012,8.24
Trinidad and Tobago,TTO,2013,8.24
Trinidad and Tobago,TTO,2014,8.24
Trinidad and Tobago,TTO,2015,8.24
Trinidad and Tobago,TTO,2016,8.24
Trinidad and Tobago,TTO,2017,7.94
Trinidad and Tobago,TTO,2018,7.35
Trinidad and Tobago,TTO,2019,7.35
Trinidad and Tobago,TTO,2020,7.35
Trinidad and Tobago,TTO,2021,7.35
Trinidad and Tobago,TTO,2022,7.35
Tunisia,TUN,2006,3.819999999999999
Tunisia,TUN,2008,3.53
Tunisia,TUN,2010,3.240000000000001
Tunisia,TUN,2011,4.41
Tunisia,TUN,2012,4.71
Tunisia,TUN,2013,4.71
Tunisia,TUN,2014,5
Tunisia,TUN,2015,5.88
Tunisia,TUN,2016,5.88
Tunisia,TUN,2017,5.88
Tunisia,TUN,2018,5.88
Tunisia,TUN,2019,5.88
Tunisia,TUN,2020,5.59
Tunisia,TUN,2021,5.59
Tunisia,TUN,2022,5
Turkey,TUR,2006,5.59
Turkey,TUR,2008,5
Turkey,TUR,2010,4.71
Turkey,TUR,2011,4.71
Turkey,TUR,2012,4.12
Turkey,TUR,2013,3.819999999999999
Turkey,TUR,2014,3.53
Turkey,TUR,2015,2.94
Turkey,TUR,2016,2.65
Turkey,TUR,2017,2.35
Turkey,TUR,2018,2.35
Turkey,TUR,2019,2.35
Turkey,TUR,2020,2.35
Turkey,TUR,2021,2.06
Turkey,TUR,2022,2.06
Turkmenistan,TKM,2006,0.59
Turkmenistan,TKM,2008,0.59
Turkmenistan,TKM,2010,0.59
Turkmenistan,TKM,2011,0.59
Turkmenistan,TKM,2012,0.59
Turkmenistan,TKM,2013,0.59
Turkmenistan,TKM,2014,0.59
Turkmenistan,TKM,2015,0.59
Turkmenistan,TKM,2016,0.59
Turkmenistan,TKM,2017,0.59
Turkmenistan,TKM,2018,0.59
Turkmenistan,TKM,2019,0.59
Turkmenistan,TKM,2020,0.59
Turkmenistan,TKM,2021,0.29
Turkmenistan,TKM,2022,0.29
Uganda,UGA,2006,6.76
Uganda,UGA,2008,6.76
Uganda,UGA,2010,6.18
Uganda,UGA,2011,5.88
Uganda,UGA,2012,5.88
Uganda,UGA,2013,6.18
Uganda,UGA,2014,6.18
Uganda,UGA,2015,6.18
Uganda,UGA,2016,6.18
Uganda,UGA,2017,5.88
Uganda,UGA,2018,5.88
Uganda,UGA,2019,5.88
Uganda,UGA,2020,5.29
Uganda,UGA,2021,5
Uganda,UGA,2022,5
Ukraine,UKR,2006,8.24
Ukraine,UKR,2008,7.94
Ukraine,UKR,2010,7.94
Ukraine,UKR,2011,7.35
Ukraine,UKR,2012,7.06
Ukraine,UKR,2013,7.06
Ukraine,UKR,2014,6.76
Ukraine,UKR,2015,7.06
Ukraine,UKR,2016,7.06
Ukraine,UKR,2017,6.18
Ukraine,UKR,2018,6.18
Ukraine,UKR,2019,6.470000000000001
Ukraine,UKR,2020,5.88
Ukraine,UKR,2021,5.59
Ukraine,UKR,2022,4.41
United Arab Emirates,ARE,2006,2.94
United Arab Emirates,ARE,2008,2.94
United Arab Emirates,ARE,2010,2.94
United Arab Emirates,ARE,2011,3.240000000000001
United Arab Emirates,ARE,2012,3.240000000000001
United Arab Emirates,ARE,2013,2.94
United Arab Emirates,ARE,2014,2.94
United Arab Emirates,ARE,2015,2.94
United Arab Emirates,ARE,2016,2.94
United Arab Emirates,ARE,2017,2.65
United Arab Emirates,ARE,2018,2.65
United Arab Emirates,ARE,2019,2.65
United Arab Emirates,ARE,2020,2.35
United Arab Emirates,ARE,2021,2.35
United Arab Emirates,ARE,2022,2.35
United Kingdom,GBR,2006,9.12
United Kingdom,GBR,2008,8.82
United Kingdom,GBR,2010,9.12
United Kingdom,GBR,2011,9.12
United Kingdom,GBR,2012,9.12
United Kingdom,GBR,2013,9.41
United Kingdom,GBR,2014,9.41
United Kingdom,GBR,2015,9.41
United Kingdom,GBR,2016,9.12
United Kingdom,GBR,2017,9.12
United Kingdom,GBR,2018,9.12
United Kingdom,GBR,2019,9.12
United Kingdom,GBR,2020,8.82
United Kingdom,GBR,2021,8.82
United Kingdom,GBR,2022,9.12
United States,USA,2006,8.53
United States,USA,2008,8.53
United States,USA,2010,8.53
United States,USA,2011,8.53
United States,USA,2012,8.53
United States,USA,2013,8.53
United States,USA,2014,8.53
United States,USA,2015,8.24
United States,USA,2016,8.24
United States,USA,2017,8.24
United States,USA,2018,8.24
United States,USA,2019,8.24
United States,USA,2020,8.53
United States,USA,2021,8.53
United States,USA,2022,8.53
Uruguay,URY,2006,9.71
Uruguay,URY,2008,9.71
Uruguay,URY,2010,10
Uruguay,URY,2011,10
Uruguay,URY,2012,10
Uruguay,URY,2013,10
Uruguay,URY,2014,10
Uruguay,URY,2015,10
Uruguay,URY,2016,10
Uruguay,URY,2017,9.71
Uruguay,URY,2018,9.71
Uruguay,URY,2019,9.71
Uruguay,URY,2020,9.71
Uruguay,URY,2021,9.71
Uruguay,URY,2022,9.71
Uzbekistan,UZB,2006,0.59
Uzbekistan,UZB,2008,0.59
Uzbekistan,UZB,2010,0.59
Uzbekistan,UZB,2011,0.59
Uzbekistan,UZB,2012,0.59
Uzbekistan,UZB,2013,0.59
Uzbekistan,UZB,2014,0.59
Uzbekistan,UZB,2015,0.59
Uzbekistan,UZB,2016,0.59
Uzbekistan,UZB,2017,0.59
Uzbekistan,UZB,2018,0.8800000000000001
Uzbekistan,UZB,2019,0.8800000000000001
Uzbekistan,UZB,2020,0.8800000000000001
Uzbekistan,UZB,2021,0.88
Uzbekistan,UZB,2022,0.88
Venezuela,VEN,2006,5.88
Venezuela,VEN,2008,5.88
Venezuela,VEN,2010,5.88
Venezuela,VEN,2011,5.88
Venezuela,VEN,2012,5.88
Venezuela,VEN,2013,5.88
Venezuela,VEN,2014,5.88
Venezuela,VEN,2015,5.59
Venezuela,VEN,2016,5.29
Venezuela,VEN,2017,3.819999999999999
Venezuela,VEN,2018,3.53
Venezuela,VEN,2019,3.240000000000001
Venezuela,VEN,2020,2.65
Venezuela,VEN,2021,2.35
Venezuela,VEN,2022,2.65
Vietnam,VNM,2006,1.47
Vietnam,VNM,2008,1.47
Vietnam,VNM,2010,1.47
Vietnam,VNM,2011,1.47
Vietnam,VNM,2012,1.47
Vietnam,VNM,2013,1.76
Vietnam,VNM,2014,2.35
Vietnam,VNM,2015,2.94
Vietnam,VNM,2016,2.94
Vietnam,VNM,2017,2.65
Vietnam,VNM,2018,2.65
Vietnam,VNM,2019,2.65
Vietnam,VNM,2020,2.35
Vietnam,VNM,2021,2.35
Vietnam,VNM,2022,2.65
Yemen,YEM,2006,2.35
Yemen,YEM,2008,1.76
Yemen,YEM,2010,1.18
Yemen,YEM,2011,0.8800000000000001
Yemen,YEM,2012,1.18
Yemen,YEM,2013,1.18
Yemen,YEM,2014,1.18
Yemen,YEM,2015,0.8800000000000001
Yemen,YEM,2016,0.8800000000000001
Yemen,YEM,2017,0.8800000000000001
Yemen,YEM,2018,0.8800000000000001
Yemen,YEM,2019,0.8800000000000001
Yemen,YEM,2020,0.8800000000000001
Yemen,YEM,2021,0.88
Yemen,YEM,2022,0.88
Zambia,ZMB,2006,6.76
Zambia,ZMB,2008,6.76
Zambia,ZMB,2010,7.35
Zambia,ZMB,2011,7.35
Zambia,ZMB,2012,7.35
Zambia,ZMB,2013,7.35
Zambia,ZMB,2014,7.35
Zambia,ZMB,2015,7.35
Zambia,ZMB,2016,6.76
Zambia,ZMB,2017,6.470000000000001
Zambia,ZMB,2018,6.470000000000001
Zambia,ZMB,2019,6.470000000000001
Zambia,ZMB,2020,5.88
Zambia,ZMB,2021,5.59
Zambia,ZMB,2022,5.59
Zimbabwe,ZWE,2006,2.65
Zimbabwe,ZWE,2008,2.35
Zimbabwe,ZWE,2010,2.94
Zimbabwe,ZWE,2011,3.240000000000001
Zimbabwe,ZWE,2012,3.240000000000001
Zimbabwe,ZWE,2013,3.240000000000001
Zimbabwe,ZWE,2014,3.240000000000001
Zimbabwe,ZWE,2015,3.240000000000001
Zimbabwe,ZWE,2016,3.240000000000001
Zimbabwe,ZWE,2017,3.240000000000001
Zimbabwe,ZWE,2018,3.240000000000001
Zimbabwe,ZWE,2019,3.240000000000001
Zimbabwe,ZWE,2020,3.240000000000001
Zimbabwe,ZWE,2021,3.24
Zimbabwe,ZWE,2022,3.24